"chemin","class","classe_CLOC","classe_LOC","classe_DC"
"org/jfree/chart/entity/JFreeChartEntity.java","org.jfree.chart.entity.JFreeChartEntity","111.0","81.0","1.37"
"org/jfree/chart/axis/ModuloAxis.java","org.jfree.chart.axis.ModuloAxis","187.0","218.0","0.86"
"org/jfree/chart/renderer/xy/HighLowRenderer.java","org.jfree.chart.renderer.xy.HighLowRenderer","206.0","246.0","0.84"
"org/jfree/chart/renderer/xy/XYAreaRenderer.java","org.jfree.chart.renderer.xy.XYAreaRenderer","265.0","395.0","0.67"
"org/jfree/data/function/NormalDistributionFunction2D.java","org.jfree.data.function.NormalDistributionFunction2D","88.0","54.0","1.63"
"org/jfree/chart/needle/PinNeedle.java","org.jfree.chart.needle.PinNeedle","71.0","60.0","1.18"
"org/jfree/chart/util/LogFormat.java","org.jfree.chart.util.LogFormat","125.0","102.0","1.23"
"org/jfree/chart/labels/XYZToolTipGenerator.java","org.jfree.chart.labels.XYZToolTipGenerator","48.0","5.0","9.6"
"org/jfree/chart/labels/CategoryItemLabelGenerator.java","org.jfree.chart.labels.CategoryItemLabelGenerator","70.0","7.0","10.0"
"org/jfree/chart/axis/TickUnits.java","org.jfree.chart.axis.TickUnits","123.0","74.0","1.66"
"org/jfree/data/xy/VectorSeries.java","org.jfree.data.xy.VectorSeries","114.0","45.0","2.53"
"org/jfree/chart/renderer/LookupPaintScale.java","org.jfree.chart.renderer.LookupPaintScale","165.0","187.0","0.88"
"org/jfree/data/xy/XYIntervalSeriesCollection.java","org.jfree.data.xy.XYIntervalSeriesCollection","215.0","136.0","1.58"
"org/jfree/data/category/CategoryDataset.java","org.jfree.data.category.CategoryDataset","59.0","5.0","11.8"
"org/jfree/data/function/PowerFunction2D.java","org.jfree.data.function.PowerFunction2D","75.0","44.0","1.7"
"org/jfree/data/UnknownKeyException.java","org.jfree.data.UnknownKeyException","47.0","6.0","7.83"
"org/jfree/data/time/SimpleTimePeriod.java","org.jfree.data.time.SimpleTimePeriod","106.0","94.0","1.13"
"org/jfree/chart/labels/BoxAndWhiskerToolTipGenerator.java","org.jfree.chart.labels.BoxAndWhiskerToolTipGenerator","81.0","54.0","1.5"
"org/jfree/chart/plot/PiePlot3D.java","org.jfree.chart.plot.PiePlot3D","213.0","695.0","0.31"
"org/jfree/chart/servlet/ChartDeleter.java","org.jfree.chart.servlet.ChartDeleter","77.0","36.0","2.14"
"org/jfree/chart/labels/StandardXYZToolTipGenerator.java","org.jfree.chart.labels.StandardXYZToolTipGenerator","122.0","104.0","1.17"
"org/jfree/chart/urls/TimeSeriesURLGenerator.java","org.jfree.chart.urls.TimeSeriesURLGenerator","93.0","95.0","0.98"
"org/jfree/chart/axis/ValueTick.java","org.jfree.chart.axis.ValueTick","81.0","43.0","1.88"
"org/jfree/chart/ChartColor.java","org.jfree.chart.ChartColor","79.0","94.0","0.84"
"org/jfree/chart/needle/ShipNeedle.java","org.jfree.chart.needle.ShipNeedle","70.0","50.0","1.4"
"org/jfree/chart/plot/dial/StandardDialFrame.java","org.jfree.chart.plot.dial.StandardDialFrame","173.0","151.0","1.15"
"org/jfree/chart/renderer/xy/XYBarPainter.java","org.jfree.chart.renderer.xy.XYBarPainter","69.0","11.0","6.27"
"org/jfree/chart/renderer/xy/SamplingXYLineRenderer.java","org.jfree.chart.renderer.xy.SamplingXYLineRenderer","162.0","177.0","0.92"
"org/jfree/data/statistics/MultiValueCategoryDataset.java","org.jfree.data.statistics.MultiValueCategoryDataset","56.0","7.0","8.0"
"org/jfree/chart/text/TextLine.java","org.jfree.chart.text.TextLine","114.0","122.0","0.93"
"org/jfree/chart/entity/NodeEntity.java","org.jfree.chart.entity.NodeEntity","65.0","23.0","2.83"
"org/jfree/chart/imagemap/DynamicDriveToolTipTagFragmentGenerator.java","org.jfree.chart.imagemap.DynamicDriveToolTipTagFragmentGenerator","60.0","22.0","2.73"
"org/jfree/data/DataUtils.java","org.jfree.data.DataUtils","122.0","128.0","0.95"
"org/jfree/chart/block/ColorBlock.java","org.jfree.chart.block.ColorBlock","98.0","68.0","1.44"
"org/jfree/data/xy/OHLCDataset.java","org.jfree.data.xy.OHLCDataset","136.0","13.0","10.46"
"org/jfree/data/time/Quarter.java","org.jfree.data.time.Quarter","236.0","207.0","1.14"
"org/jfree/chart/util/HMSNumberFormat.java","org.jfree.chart.util.HMSNumberFormat","74.0","32.0","2.31"
"org/jfree/chart/renderer/xy/DeviationStepRenderer.java","org.jfree.chart.renderer.xy.DeviationStepRenderer","113.0","174.0","0.65"
"org/jfree/chart/renderer/category/StatisticalBarRenderer.java","org.jfree.chart.renderer.category.StatisticalBarRenderer","186.0","345.0","0.54"
"org/jfree/chart/ui/Drawable.java","org.jfree.chart.ui.Drawable","37.0","6.0","6.17"
"org/jfree/chart/renderer/xy/XYBubbleRenderer.java","org.jfree.chart.renderer.xy.XYBubbleRenderer","119.0","194.0","0.61"
"org/jfree/data/time/TimePeriodValues.java","org.jfree.data.time.TimePeriodValues","251.0","266.0","0.94"
"org/jfree/data/time/TimePeriodValue.java","org.jfree.data.time.TimePeriodValue","103.0","69.0","1.49"
"org/jfree/chart/entity/AxisEntity.java","org.jfree.chart.entity.AxisEntity","112.0","81.0","1.38"
"org/jfree/chart/renderer/category/AreaRenderer.java","org.jfree.chart.renderer.category.AreaRenderer","107.0","194.0","0.55"
"org/jfree/chart/plot/DrawingSupplier.java","org.jfree.chart.plot.DrawingSupplier","76.0","12.0","6.33"
"org/jfree/chart/util/StringUtils.java","org.jfree.chart.util.StringUtils","62.0","25.0","2.48"
"org/jfree/data/xml/ItemHandler.java","org.jfree.data.xml.ItemHandler","89.0","66.0","1.35"
"org/jfree/data/xy/MatrixSeries.java","org.jfree.data.xy.MatrixSeries","125.0","76.0","1.64"
"org/jfree/chart/entity/XYAnnotationEntity.java","org.jfree.chart.entity.XYAnnotationEntity","66.0","38.0","1.74"
"org/jfree/chart/plot/dial/DialLayerChangeEvent.java","org.jfree.chart.plot.dial.DialLayerChangeEvent","50.0","13.0","3.85"
"org/jfree/chart/plot/dial/ArcDialFrame.java","org.jfree.chart.plot.dial.ArcDialFrame","239.0","231.0","1.03"
"org/jfree/chart/renderer/category/BarRenderer.java","org.jfree.chart.renderer.category.BarRenderer","521.0","695.0","0.75"
"org/jfree/chart/ui/LCBLayout.java","org.jfree.chart.ui.LCBLayout","89.0","154.0","0.58"
"org/jfree/chart/ui/HorizontalAlignment.java","org.jfree.chart.ui.HorizontalAlignment","66.0","56.0","1.18"
"org/jfree/chart/ChartFactory.java","org.jfree.chart.ChartFactory","928.0","1064.0","0.87"
"org/jfree/chart/axis/NumberTick.java","org.jfree.chart.axis.NumberTick","65.0","21.0","3.1"
"org/jfree/chart/title/CompositeTitle.java","org.jfree.chart.title.CompositeTitle","120.0","94.0","1.28"
"org/jfree/data/json/JSONUtils.java","org.jfree.data.json.JSONUtils","83.0","104.0","0.8"
"org/jfree/chart/util/LineUtils.java","org.jfree.chart.util.LineUtils","65.0","87.0","0.75"
"org/jfree/data/flow/FlowKey.java","org.jfree.data.flow.FlowKey","90.0","69.0","1.3"
"org/jfree/chart/labels/StandardXYItemLabelGenerator.java","org.jfree.chart.labels.StandardXYItemLabelGenerator","115.0","56.0","2.05"
"org/jfree/chart/annotations/XYAnnotation.java","org.jfree.chart.annotations.XYAnnotation","53.0","11.0","4.82"
"org/jfree/chart/labels/XYToolTipGenerator.java","org.jfree.chart.labels.XYToolTipGenerator","48.0","5.0","9.6"
"org/jfree/chart/plot/DatasetRenderingOrder.java","org.jfree.chart.plot.DatasetRenderingOrder","80.0","47.0","1.7"
"org/jfree/chart/annotations/XYShapeAnnotation.java","org.jfree.chart.annotations.XYShapeAnnotation","120.0","157.0","0.76"
"org/jfree/chart/plot/MeterInterval.java","org.jfree.chart.plot.MeterInterval","109.0","95.0","1.15"
"org/jfree/data/RangeType.java","org.jfree.data.RangeType","73.0","54.0","1.35"
"org/jfree/chart/renderer/category/IntervalBarRenderer.java","org.jfree.chart.renderer.category.IntervalBarRenderer","103.0","118.0","0.87"
"org/jfree/chart/axis/PeriodAxis.java","org.jfree.chart.axis.PeriodAxis","427.0","679.0","0.63"
"org/jfree/chart/renderer/xy/XYDifferenceRenderer.java","org.jfree.chart.renderer.xy.XYDifferenceRenderer","354.0","712.0","0.5"
"org/jfree/chart/plot/dial/DialBackground.java","org.jfree.chart.plot.dial.DialBackground","142.0","101.0","1.41"
"org/jfree/data/xy/XYSeries.java","org.jfree.data.xy.XYSeries","443.0","432.0","1.03"
"org/jfree/data/statistics/SimpleHistogramDataset.java","org.jfree.data.statistics.SimpleHistogramDataset","267.0","187.0","1.43"
"org/jfree/chart/plot/PlotOrientation.java","org.jfree.chart.plot.PlotOrientation","86.0","56.0","1.54"
"org/jfree/chart/event/TitleChangeEvent.java","org.jfree.chart.event.TitleChangeEvent","49.0","13.0","3.77"
"org/jfree/chart/plot/WaferMapPlot.java","org.jfree.chart.plot.WaferMapPlot","149.0","244.0","0.61"
"org/jfree/chart/JFreeChart.java","org.jfree.chart.JFreeChart","748.0","776.0","0.96"
"org/jfree/chart/annotations/TextAnnotation.java","org.jfree.chart.annotations.TextAnnotation","177.0","150.0","1.18"
"org/jfree/data/json/impl/JSONValue.java","org.jfree.data.json.impl.JSONValue","159.0","156.0","1.02"
"org/jfree/chart/encoders/ImageFormat.java","org.jfree.chart.encoders.ImageFormat","46.0","9.0","5.11"
"org/jfree/chart/title/DateTitle.java","org.jfree.chart.title.DateTitle","117.0","38.0","3.08"
"org/jfree/chart/labels/CategoryToolTipGenerator.java","org.jfree.chart.labels.CategoryToolTipGenerator","56.0","5.0","11.2"
"org/jfree/data/xy/CategoryTableXYDataset.java","org.jfree.data.xy.CategoryTableXYDataset","239.0","144.0","1.66"
"org/jfree/chart/LegendRenderingOrder.java","org.jfree.chart.LegendRenderingOrder","67.0","45.0","1.49"
"org/jfree/chart/axis/DateTickMarkPosition.java","org.jfree.chart.axis.DateTickMarkPosition","69.0","51.0","1.35"
"org/jfree/chart/plot/flow/package-info.java","org.jfree.chart.plot.flow.package-info","3.0","1.0","3.0"
"org/jfree/data/ComparableObjectSeries.java","org.jfree.data.ComparableObjectSeries","210.0","206.0","1.02"
"org/jfree/chart/renderer/category/CategoryItemRenderer.java","org.jfree.chart.renderer.category.CategoryItemRenderer","1268.0","194.0","6.54"
"org/jfree/data/gantt/TaskSeries.java","org.jfree.data.gantt.TaskSeries","115.0","72.0","1.6"
"org/jfree/chart/title/PaintScaleLegend.java","org.jfree.chart.title.PaintScaleLegend","271.0","399.0","0.68"
"org/jfree/chart/axis/SubCategoryAxis.java","org.jfree.chart.axis.SubCategoryAxis","165.0","243.0","0.68"
"org/jfree/chart/text/package-info.java","org.jfree.chart.text.package-info","3.0","1.0","3.0"
"org/jfree/chart/renderer/RendererState.java","org.jfree.chart.renderer.RendererState","71.0","32.0","2.22"
"org/jfree/data/gantt/XYTaskDataset.java","org.jfree.data.gantt.XYTaskDataset","240.0","196.0","1.22"
"org/jfree/chart/util/ShapeList.java","org.jfree.chart.util.ShapeList","89.0","66.0","1.35"
"org/jfree/data/statistics/BoxAndWhiskerItem.java","org.jfree.data.statistics.BoxAndWhiskerItem","136.0","123.0","1.11"
"org/jfree/chart/block/ColumnArrangement.java","org.jfree.chart.block.ColumnArrangement","150.0","215.0","0.7"
"org/jfree/chart/axis/AxisState.java","org.jfree.chart.axis.AxisState","109.0","62.0","1.76"
"org/jfree/data/gantt/Task.java","org.jfree.data.gantt.Task","131.0","95.0","1.38"
"org/jfree/chart/plot/SeriesRenderingOrder.java","org.jfree.chart.plot.SeriesRenderingOrder","79.0","47.0","1.68"
"org/jfree/chart/event/AxisChangeEvent.java","org.jfree.chart.event.AxisChangeEvent","49.0","13.0","3.77"
"org/jfree/chart/axis/Axis.java","org.jfree.chart.axis.Axis","742.0","814.0","0.91"
"org/jfree/chart/StandardChartTheme.java","org.jfree.chart.StandardChartTheme","691.0","956.0","0.72"
"org/jfree/data/general/DefaultHeatMapDataset.java","org.jfree.data.general.DefaultHeatMapDataset","165.0","143.0","1.15"
"org/jfree/chart/title/ImageTitle.java","org.jfree.chart.title.ImageTitle","149.0","165.0","0.9"
"org/jfree/data/function/Function2D.java","org.jfree.data.function.Function2D","45.0","4.0","11.25"
"org/jfree/chart/axis/NumberAxis.java","org.jfree.chart.axis.NumberAxis","430.0","606.0","0.71"
"org/jfree/chart/plot/IntervalMarker.java","org.jfree.chart.plot.IntervalMarker","115.0","87.0","1.32"
"org/jfree/chart/axis/CyclicNumberAxis.java","org.jfree.chart.axis.CyclicNumberAxis","395.0","666.0","0.59"
"org/jfree/data/xy/VectorSeriesCollection.java","org.jfree.data.xy.VectorSeriesCollection","184.0","117.0","1.57"
"org/jfree/chart/renderer/xy/StandardXYItemRenderer.java","org.jfree.chart.renderer.xy.StandardXYItemRenderer","436.0","482.0","0.9"
"org/jfree/chart/renderer/xy/XYItemRenderer.java","org.jfree.chart.renderer.xy.XYItemRenderer","1151.0","181.0","6.36"
"org/jfree/data/DomainOrder.java","org.jfree.data.DomainOrder","73.0","54.0","1.35"
"org/jfree/data/xy/Vector.java","org.jfree.data.xy.Vector","78.0","50.0","1.56"
"org/jfree/chart/plot/dial/DialScale.java","org.jfree.chart.plot.dial.DialScale","58.0","5.0","11.6"
"org/jfree/chart/renderer/xy/XYItemRendererState.java","org.jfree.chart.renderer.xy.XYItemRendererState","116.0","37.0","3.14"
"org/jfree/data/xy/IntervalXYDelegate.java","org.jfree.data.xy.IntervalXYDelegate","273.0","181.0","1.51"
"org/jfree/chart/needle/MiddlePinNeedle.java","org.jfree.chart.needle.MiddlePinNeedle","71.0","62.0","1.15"
"org/jfree/chart/block/Arrangement.java","org.jfree.chart.block.Arrangement","61.0","10.0","6.1"
"org/jfree/chart/labels/ItemLabelAnchor.java","org.jfree.chart.labels.ItemLabelAnchor","91.0","184.0","0.49"
"org/jfree/chart/ui/LengthAdjustmentType.java","org.jfree.chart.ui.LengthAdjustmentType","66.0","55.0","1.2"
"org/jfree/data/KeyedValues2D.java","org.jfree.data.KeyedValues2D","91.0","11.0","8.27"
"org/jfree/chart/util/UnitType.java","org.jfree.chart.util.UnitType","50.0","16.0","3.13"
"org/jfree/data/xy/XYDomainInfo.java","org.jfree.data.xy.XYDomainInfo","49.0","7.0","7.0"
"org/jfree/data/resources/DataPackageResources_de.java","org.jfree.data.resources.DataPackageResources_de","50.0","13.0","3.85"
"org/jfree/chart/renderer/OutlierList.java","org.jfree.chart.renderer.OutlierList","107.0","54.0","1.98"
"org/jfree/chart/renderer/PaintScale.java","org.jfree.chart.renderer.PaintScale","65.0","8.0","8.13"
"org/jfree/data/statistics/DefaultStatisticalCategoryDataset.java","org.jfree.data.statistics.DefaultStatisticalCategoryDataset","287.0","362.0","0.79"
"org/jfree/chart/util/StrokeList.java","org.jfree.chart.util.StrokeList","87.0","62.0","1.4"
"org/jfree/chart/block/BlockFrame.java","org.jfree.chart.block.BlockFrame","51.0","9.0","5.67"
"org/jfree/chart/ui/PaintSample.java","org.jfree.chart.ui.PaintSample","57.0","45.0","1.27"
"org/jfree/chart/event/ChartChangeEventType.java","org.jfree.chart.event.ChartChangeEventType","73.0","55.0","1.33"
"org/jfree/chart/labels/XYItemLabelGenerator.java","org.jfree.chart.labels.XYItemLabelGenerator","49.0","5.0","9.8"
"org/jfree/chart/axis/TickUnitSource.java","org.jfree.chart.axis.TickUnitSource","68.0","6.0","11.33"
"org/jfree/chart/renderer/category/LineAndShapeRenderer.java","org.jfree.chart.renderer.category.LineAndShapeRenderer","396.0","388.0","1.02"
"org/jfree/chart/plot/CombinedDomainCategoryPlot.java","org.jfree.chart.plot.CombinedDomainCategoryPlot","249.0","366.0","0.68"
"org/jfree/data/resources/DataPackageResources_pl.java","org.jfree.data.resources.DataPackageResources_pl","51.0","13.0","3.92"
"org/jfree/chart/block/BlockBorder.java","org.jfree.chart.block.BlockBorder","113.0","105.0","1.08"
"org/jfree/chart/axis/CategoryAnchor.java","org.jfree.chart.axis.CategoryAnchor","69.0","51.0","1.35"
"org/jfree/data/xy/DefaultXYDataset.java","org.jfree.data.xy.DefaultXYDataset","209.0","148.0","1.41"
"org/jfree/chart/axis/MonthDateFormat.java","org.jfree.chart.axis.MonthDateFormat","132.0","101.0","1.31"
"org/jfree/data/KeyedValues2DItemKey.java","org.jfree.data.KeyedValues2DItemKey","68.0","74.0","0.92"
"org/jfree/chart/ui/Layer.java","org.jfree.chart.ui.Layer","43.0","16.0","2.69"
"org/jfree/chart/util/ArrayUtils.java","org.jfree.chart.util.ArrayUtils","82.0","106.0","0.77"
"org/jfree/data/time/TimePeriodFormatException.java","org.jfree.data.time.TimePeriodFormatException","43.0","6.0","7.17"
"org/jfree/chart/plot/SpiderWebPlot.java","org.jfree.chart.plot.SpiderWebPlot","686.0","798.0","0.86"
"org/jfree/chart/plot/dial/StandardDialScale.java","org.jfree.chart.plot.dial.StandardDialScale","501.0","421.0","1.19"
"org/jfree/data/RangeInfo.java","org.jfree.data.RangeInfo","64.0","6.0","10.67"
"org/jfree/data/xy/XYZDataset.java","org.jfree.data.xy.XYZDataset","55.0","5.0","11.0"
"org/jfree/chart/plot/PlotRenderingInfo.java","org.jfree.chart.plot.PlotRenderingInfo","147.0","112.0","1.31"
"org/jfree/data/time/TimePeriod.java","org.jfree.data.time.TimePeriod","51.0","6.0","8.5"
"org/jfree/chart/event/PlotChangeListener.java","org.jfree.chart.event.PlotChangeListener","45.0","5.0","9.0"
"org/jfree/chart/annotations/XYLineAnnotation.java","org.jfree.chart.annotations.XYLineAnnotation","117.0","166.0","0.7"
"org/jfree/data/xy/DefaultTableXYDataset.java","org.jfree.data.xy.DefaultTableXYDataset","288.0","304.0","0.95"
"org/jfree/data/statistics/HistogramType.java","org.jfree.data.statistics.HistogramType","77.0","58.0","1.33"
"org/jfree/chart/renderer/xy/XYAreaRenderer2.java","org.jfree.chart.renderer.xy.XYAreaRenderer2","159.0","235.0","0.68"
"org/jfree/data/time/FixedMillisecond.java","org.jfree.data.time.FixedMillisecond","147.0","113.0","1.3"
"org/jfree/chart/urls/StandardPieURLGenerator.java","org.jfree.chart.urls.StandardPieURLGenerator","82.0","74.0","1.11"
"org/jfree/chart/text/TextBox.java","org.jfree.chart.text.TextBox","174.0","213.0","0.82"
"org/jfree/chart/resources/JFreeChartResources.java","org.jfree.chart.resources.JFreeChartResources","45.0","16.0","2.81"
"org/jfree/chart/plot/Marker.java","org.jfree.chart.plot.Marker","335.0","274.0","1.22"
"org/jfree/data/function/LineFunction2D.java","org.jfree.data.function.LineFunction2D","75.0","44.0","1.7"
"org/jfree/chart/labels/StandardCrosshairLabelGenerator.java","org.jfree.chart.labels.StandardCrosshairLabelGenerator","80.0","64.0","1.25"
"org/jfree/data/statistics/HistogramDataset.java","org.jfree.data.statistics.HistogramDataset","253.0","210.0","1.2"
"org/jfree/chart/plot/Pannable.java","org.jfree.chart.plot.Pannable","69.0","12.0","5.75"
"org/jfree/chart/ui/Size2D.java","org.jfree.chart.ui.Size2D","85.0","62.0","1.37"
"org/jfree/chart/imagemap/StandardURLTagFragmentGenerator.java","org.jfree.chart.imagemap.StandardURLTagFragmentGenerator","55.0","11.0","5.0"
"org/jfree/chart/renderer/xy/XYLineAndShapeRenderer.java","org.jfree.chart.renderer.xy.XYLineAndShapeRenderer","559.0","522.0","1.07"
"org/jfree/chart/renderer/xy/XYBoxAndWhiskerRenderer.java","org.jfree.chart.renderer.xy.XYBoxAndWhiskerRenderer","301.0","438.0","0.69"
"org/jfree/data/flow/package-info.java","org.jfree.data.flow.package-info","3.0","1.0","3.0"
"org/jfree/chart/labels/StandardXYToolTipGenerator.java","org.jfree.chart.labels.StandardXYToolTipGenerator","115.0","56.0","2.05"
"org/jfree/chart/labels/StandardCategorySeriesLabelGenerator.java","org.jfree.chart.labels.StandardCategorySeriesLabelGenerator","87.0","60.0","1.45"
"org/jfree/chart/editor/ChartEditor.java","org.jfree.chart.editor.ChartEditor","50.0","6.0","8.33"
"org/jfree/chart/ChartRenderingInfo.java","org.jfree.chart.ChartRenderingInfo","134.0","92.0","1.46"
"org/jfree/chart/renderer/xy/GradientXYBarPainter.java","org.jfree.chart.renderer.xy.GradientXYBarPainter","124.0","217.0","0.57"
"org/jfree/chart/PolarChartPanel.java","org.jfree.chart.PolarChartPanel","116.0","118.0","0.98"
"org/jfree/chart/renderer/xy/ClusteredXYBarRenderer.java","org.jfree.chart.renderer.xy.ClusteredXYBarRenderer","131.0","202.0","0.65"
"org/jfree/chart/axis/SymbolAxis.java","org.jfree.chart.axis.SymbolAxis","262.0","428.0","0.61"
"org/jfree/data/xml/DatasetTags.java","org.jfree.data.xml.DatasetTags","48.0","15.0","3.2"
"org/jfree/chart/axis/CompassFormat.java","org.jfree.chart.axis.CompassFormat","92.0","49.0","1.88"
"org/jfree/data/general/ValueDataset.java","org.jfree.data.general.ValueDataset","39.0","4.0","9.75"
"org/jfree/chart/axis/CategoryLabelPosition.java","org.jfree.chart.axis.CategoryLabelPosition","130.0","105.0","1.24"
"org/jfree/chart/renderer/category/GradientBarPainter.java","org.jfree.chart.renderer.category.GradientBarPainter","126.0","218.0","0.58"
"org/jfree/chart/labels/StandardCategoryToolTipGenerator.java","org.jfree.chart.labels.StandardCategoryToolTipGenerator","76.0","40.0","1.9"
"org/jfree/chart/renderer/xy/XYBarRenderer.java","org.jfree.chart.renderer.xy.XYBarRenderer","463.0","632.0","0.73"
"org/jfree/chart/plot/PlotState.java","org.jfree.chart.plot.PlotState","47.0","13.0","3.62"
"org/jfree/data/time/ohlc/OHLCSeriesCollection.java","org.jfree.data.time.ohlc.OHLCSeriesCollection","256.0","188.0","1.36"
"org/jfree/chart/axis/NumberTickUnit.java","org.jfree.chart.axis.NumberTickUnit","84.0","57.0","1.47"
"org/jfree/data/general/SeriesDataset.java","org.jfree.data.general.SeriesDataset","65.0","11.0","5.91"
"org/jfree/chart/ui/RectangleInsets.java","org.jfree.chart.ui.RectangleInsets","239.0","259.0","0.92"
"org/jfree/chart/plot/CompassPlot.java","org.jfree.chart.plot.CompassPlot","331.0","461.0","0.72"
"org/jfree/chart/renderer/NotOutlierException.java","org.jfree.chart.renderer.NotOutlierException","51.0","6.0","8.5"
"org/jfree/chart/renderer/xy/XYBlockRenderer.java","org.jfree.chart.renderer.xy.XYBlockRenderer","187.0","233.0","0.8"
"org/jfree/chart/annotations/CategoryPointerAnnotation.java","org.jfree.chart.annotations.CategoryPointerAnnotation","243.0","250.0","0.97"
"org/jfree/chart/util/RelativeDateFormat.java","org.jfree.chart.util.RelativeDateFormat","272.0","229.0","1.19"
"org/jfree/chart/renderer/DefaultPolarItemRenderer.java","org.jfree.chart.renderer.DefaultPolarItemRenderer","355.0","508.0","0.7"
"org/jfree/chart/axis/TickUnit.java","org.jfree.chart.axis.TickUnit","101.0","67.0","1.51"
"org/jfree/data/jdbc/JDBCPieDataset.java","org.jfree.data.jdbc.JDBCPieDataset","121.0","108.0","1.12"
"org/jfree/chart/ui/FontChooserPanel.java","org.jfree.chart.ui.FontChooserPanel","69.0","120.0","0.57"
"org/jfree/chart/ui/NumberCellRenderer.java","org.jfree.chart.ui.NumberCellRenderer","48.0","30.0","1.6"
"org/jfree/data/json/impl/JSONAware.java","org.jfree.data.json.impl.JSONAware","37.0","4.0","9.25"
"org/jfree/chart/entity/ChartEntity.java","org.jfree.chart.entity.ChartEntity","189.0","185.0","1.02"
"org/jfree/data/general/DefaultKeyedValuesDataset.java","org.jfree.data.general.DefaultKeyedValuesDataset","46.0","6.0","7.67"
"org/jfree/chart/util/DefaultShadowGenerator.java","org.jfree.chart.util.DefaultShadowGenerator","126.0","162.0","0.78"
"org/jfree/data/KeyedValueComparatorType.java","org.jfree.data.KeyedValueComparatorType","65.0","37.0","1.76"
"org/jfree/data/general/AbstractDataset.java","org.jfree.data.general.AbstractDataset","168.0","90.0","1.87"
"org/jfree/chart/labels/CustomXYToolTipGenerator.java","org.jfree.chart.labels.CustomXYToolTipGenerator","92.0","78.0","1.18"
"org/jfree/chart/renderer/Outlier.java","org.jfree.chart.renderer.Outlier","126.0","71.0","1.77"
"org/jfree/data/xy/VectorXYDataset.java","org.jfree.data.xy.VectorXYDataset","67.0","6.0","11.17"
"org/jfree/data/xy/WindDataset.java","org.jfree.data.xy.WindDataset","62.0","5.0","12.4"
"org/jfree/chart/needle/WindNeedle.java","org.jfree.chart.needle.WindNeedle","65.0","46.0","1.41"
"org/jfree/chart/plot/dial/DialLayerChangeListener.java","org.jfree.chart.plot.dial.DialLayerChangeListener","46.0","5.0","9.2"
"org/jfree/data/io/CSV.java","org.jfree.data.io.CSV","95.0","98.0","0.97"
"org/jfree/chart/block/BorderArrangement.java","org.jfree.chart.block.BorderArrangement","125.0","379.0","0.33"
"org/jfree/chart/renderer/RendererUtils.java","org.jfree.chart.renderer.RendererUtils","94.0","153.0","0.61"
"org/jfree/chart/annotations/XYBoxAnnotation.java","org.jfree.chart.annotations.XYBoxAnnotation","128.0","159.0","0.81"
"org/jfree/chart/renderer/xy/XYDotRenderer.java","org.jfree.chart.renderer.xy.XYDotRenderer","167.0","172.0","0.97"
"org/jfree/chart/renderer/category/StandardBarPainter.java","org.jfree.chart.renderer.category.StandardBarPainter","95.0","106.0","0.9"
"org/jfree/chart/plot/PieLabelLinkStyle.java","org.jfree.chart.plot.PieLabelLinkStyle","73.0","54.0","1.35"
"org/jfree/chart/imagemap/ImageMapUtils.java","org.jfree.chart.imagemap.ImageMapUtils","116.0","123.0","0.94"
"org/jfree/data/KeyedObject.java","org.jfree.data.KeyedObject","79.0","51.0","1.55"
"org/jfree/chart/MouseWheelHandler.java","org.jfree.chart.MouseWheelHandler","75.0","65.0","1.15"
"org/jfree/data/xml/PieDatasetHandler.java","org.jfree.data.xml.PieDatasetHandler","76.0","46.0","1.65"
"org/jfree/chart/ChartMouseEvent.java","org.jfree.chart.ChartMouseEvent","68.0","31.0","2.19"
"org/jfree/chart/annotations/XYImageAnnotation.java","org.jfree.chart.annotations.XYImageAnnotation","136.0","139.0","0.98"
"org/jfree/data/time/TimeSeriesCollection.java","org.jfree.data.time.TimeSeriesCollection","328.0","351.0","0.93"
"org/jfree/chart/encoders/ImageEncoder.java","org.jfree.chart.encoders.ImageEncoder","82.0","13.0","6.31"
"org/jfree/chart/plot/CrosshairState.java","org.jfree.chart.plot.CrosshairState","215.0","114.0","1.89"
"org/jfree/chart/labels/FlowLabelGenerator.java","org.jfree.chart.labels.FlowLabelGenerator","48.0","6.0","8.0"
"org/jfree/chart/renderer/category/CategoryStepRenderer.java","org.jfree.chart.renderer.category.CategoryStepRenderer","154.0","176.0","0.88"
"org/jfree/data/general/DefaultValueDataset.java","org.jfree.data.general.DefaultValueDataset","78.0","44.0","1.77"
"org/jfree/chart/util/PublicCloneable.java","org.jfree.chart.util.PublicCloneable","48.0","4.0","12.0"
"org/jfree/data/general/DatasetUtils.java","org.jfree.data.general.DatasetUtils","715.0","1414.0","0.51"
"org/jfree/chart/util/ResourceBundleWrapper.java","org.jfree.chart.util.ResourceBundleWrapper","106.0","46.0","2.3"
"org/jfree/chart/block/CenterArrangement.java","org.jfree.chart.block.CenterArrangement","161.0","142.0","1.13"
"org/jfree/chart/plot/DefaultDrawingSupplier.java","org.jfree.chart.plot.DefaultDrawingSupplier","187.0","295.0","0.63"
"org/jfree/chart/urls/CustomCategoryURLGenerator.java","org.jfree.chart.urls.CustomCategoryURLGenerator","91.0","89.0","1.02"
"org/jfree/data/xy/VectorDataItem.java","org.jfree.data.xy.VectorDataItem","72.0","36.0","2.0"
"org/jfree/chart/date/SerialDate.java","org.jfree.chart.date.SerialDate","501.0","372.0","1.35"
"org/jfree/chart/date/MonthConstants.java","org.jfree.chart.date.MonthConstants","50.0","27.0","1.85"
"org/jfree/chart/renderer/xy/AbstractXYItemRenderer.java","org.jfree.chart.renderer.xy.AbstractXYItemRenderer","548.0","997.0","0.55"
"org/jfree/chart/ChartTransferable.java","org.jfree.chart.ChartTransferable","130.0","106.0","1.23"
"org/jfree/data/general/KeyedValues2DDataset.java","org.jfree.data.general.KeyedValues2DDataset","40.0","4.0","10.0"
"org/jfree/data/time/MovingAverage.java","org.jfree.data.time.MovingAverage","127.0","165.0","0.77"
"org/jfree/chart/plot/dial/DialPointer.java","org.jfree.chart.plot.dial.DialPointer","287.0","284.0","1.01"
"org/jfree/data/time/Day.java","org.jfree.data.time.Day","243.0","192.0","1.27"
"org/jfree/chart/annotations/Annotation.java","org.jfree.chart.annotations.Annotation","50.0","7.0","7.14"
"org/jfree/data/xml/ValueHandler.java","org.jfree.data.xml.ValueHandler","87.0","63.0","1.38"
"org/jfree/chart/annotations/CategoryTextAnnotation.java","org.jfree.chart.annotations.CategoryTextAnnotation","123.0","127.0","0.97"
"org/jfree/chart/event/OverlayChangeEvent.java","org.jfree.chart.event.OverlayChangeEvent","44.0","8.0","5.5"
"org/jfree/chart/renderer/category/CategoryItemRendererState.java","org.jfree.chart.renderer.category.CategoryItemRendererState","122.0","67.0","1.82"
"org/jfree/chart/renderer/xy/DefaultXYItemRenderer.java","org.jfree.chart.renderer.xy.DefaultXYItemRenderer","46.0","7.0","6.57"
"org/jfree/data/resources/DataPackageResources_es.java","org.jfree.data.resources.DataPackageResources_es","50.0","13.0","3.85"
"org/jfree/chart/labels/PieToolTipGenerator.java","org.jfree.chart.labels.PieToolTipGenerator","49.0","5.0","9.8"
"org/jfree/data/Value.java","org.jfree.data.Value","43.0","4.0","10.75"
"org/jfree/data/general/WaferMapDataset.java","org.jfree.data.general.WaferMapDataset","164.0","115.0","1.43"
"org/jfree/chart/ui/GradientPaintTransformer.java","org.jfree.chart.ui.GradientPaintTransformer","41.0","6.0","6.83"
"org/jfree/chart/util/PaintList.java","org.jfree.chart.util.PaintList","80.0","66.0","1.21"
"org/jfree/data/statistics/SimpleHistogramBin.java","org.jfree.data.statistics.SimpleHistogramBin","128.0","123.0","1.04"
"org/jfree/chart/axis/LogAxis.java","org.jfree.chart.axis.LogAxis","403.0","569.0","0.71"
"org/jfree/chart/labels/StandardXYSeriesLabelGenerator.java","org.jfree.chart.labels.StandardXYSeriesLabelGenerator","93.0","61.0","1.52"
"org/jfree/chart/ChartPanel.java","org.jfree.chart.ChartPanel","1146.0","1755.0","0.65"
"org/jfree/chart/axis/AxisSpace.java","org.jfree.chart.axis.AxisSpace","153.0","194.0","0.79"
"org/jfree/chart/renderer/xy/StandardXYBarPainter.java","org.jfree.chart.renderer.xy.StandardXYBarPainter","96.0","106.0","0.91"
"org/jfree/chart/axis/AxisLabelLocation.java","org.jfree.chart.axis.AxisLabelLocation","73.0","57.0","1.28"
"org/jfree/data/gantt/SlidingGanttCategoryDataset.java","org.jfree.data.gantt.SlidingGanttCategoryDataset","329.0","265.0","1.24"
"org/jfree/chart/plot/Zoomable.java","org.jfree.chart.plot.Zoomable","133.0","20.0","6.65"
"org/jfree/chart/event/MarkerChangeEvent.java","org.jfree.chart.event.MarkerChangeEvent","52.0","13.0","4.0"
"org/jfree/chart/renderer/category/LayeredBarRenderer.java","org.jfree.chart.renderer.category.LayeredBarRenderer","140.0","268.0","0.52"
"org/jfree/chart/renderer/category/AbstractCategoryItemRenderer.java","org.jfree.chart.renderer.category.AbstractCategoryItemRenderer","619.0","950.0","0.65"
"org/jfree/data/statistics/DefaultBoxAndWhiskerCategoryDataset.java","org.jfree.data.statistics.DefaultBoxAndWhiskerCategoryDataset","445.0","411.0","1.08"
"org/jfree/chart/plot/XYPlot.java","org.jfree.chart.plot.XYPlot","2230.0","2786.0","0.8"
"org/jfree/chart/renderer/category/StatisticalLineAndShapeRenderer.java","org.jfree.chart.renderer.category.StatisticalLineAndShapeRenderer","158.0","272.0","0.58"
"org/jfree/data/xy/XYDatasetTableModel.java","org.jfree.data.xy.XYDatasetTableModel","168.0","74.0","2.27"
"org/jfree/chart/renderer/category/LevelRenderer.java","org.jfree.chart.renderer.category.LevelRenderer","182.0","226.0","0.81"
"org/jfree/data/xy/XYDataset.java","org.jfree.data.xy.XYDataset","97.0","11.0","8.82"
"org/jfree/chart/block/BlockContainer.java","org.jfree.chart.block.BlockContainer","128.0","125.0","1.02"
"org/jfree/chart/renderer/xy/StackedXYAreaRenderer2.java","org.jfree.chart.renderer.xy.StackedXYAreaRenderer2","170.0","326.0","0.52"
"org/jfree/data/xy/XisSymbolic.java","org.jfree.data.xy.XisSymbolic","66.0","6.0","11.0"
"org/jfree/chart/annotations/XYTitleAnnotation.java","org.jfree.chart.annotations.XYTitleAnnotation","147.0","217.0","0.68"
"org/jfree/data/KeyedValue.java","org.jfree.data.KeyedValue","48.0","4.0","12.0"
"org/jfree/chart/block/LabelBlock.java","org.jfree.chart.block.LabelBlock","204.0","187.0","1.09"
"org/jfree/chart/renderer/category/StackedAreaRenderer.java","org.jfree.chart.renderer.category.StackedAreaRenderer","156.0","286.0","0.55"
"org/jfree/data/general/SeriesChangeListener.java","org.jfree.data.general.SeriesChangeListener","49.0","5.0","9.8"
"org/jfree/chart/entity/FlowEntity.java","org.jfree.chart.entity.FlowEntity","66.0","38.0","1.74"
"org/jfree/chart/labels/IntervalCategoryToolTipGenerator.java","org.jfree.chart.labels.IntervalCategoryToolTipGenerator","77.0","62.0","1.24"
"org/jfree/data/general/DefaultKeyedValues2DDataset.java","org.jfree.data.general.DefaultKeyedValues2DDataset","47.0","8.0","5.88"
"org/jfree/data/flow/DefaultFlowDataset.java","org.jfree.data.flow.DefaultFlowDataset","169.0","184.0","0.92"
"org/jfree/chart/title/LegendGraphic.java","org.jfree.chart.title.LegendGraphic","351.0","330.0","1.06"
"org/jfree/data/json/impl/JSONObject.java","org.jfree.data.json.impl.JSONObject","90.0","85.0","1.06"
"org/jfree/chart/plot/dial/DialCap.java","org.jfree.chart.plot.dial.DialCap","174.0","132.0","1.32"
"org/jfree/data/xml/CategorySeriesHandler.java","org.jfree.data.xml.CategorySeriesHandler","78.0","61.0","1.28"
"org/jfree/chart/LegendItemSource.java","org.jfree.chart.LegendItemSource","45.0","4.0","11.25"
"org/jfree/data/time/ohlc/OHLCSeries.java","org.jfree.data.time.ohlc.OHLCSeries","83.0","38.0","2.18"
"org/jfree/chart/text/AttributedStringUtils.java","org.jfree.chart.text.AttributedStringUtils","45.0","43.0","1.05"
"org/jfree/chart/labels/BoxAndWhiskerXYToolTipGenerator.java","org.jfree.chart.labels.BoxAndWhiskerXYToolTipGenerator","85.0","59.0","1.44"
"org/jfree/data/gantt/TaskSeriesCollection.java","org.jfree.data.gantt.TaskSeriesCollection","313.0","323.0","0.97"
"org/jfree/chart/renderer/xy/XYErrorRenderer.java","org.jfree.chart.renderer.xy.XYErrorRenderer","204.0","217.0","0.94"
"org/jfree/chart/block/LengthConstraintType.java","org.jfree.chart.block.LengthConstraintType","73.0","55.0","1.33"
"org/jfree/data/xy/XYIntervalDataItem.java","org.jfree.data.xy.XYIntervalDataItem","78.0","56.0","1.39"
"org/jfree/chart/renderer/xy/WindItemRenderer.java","org.jfree.chart.renderer.xy.WindItemRenderer","73.0","85.0","0.86"
"org/jfree/chart/annotations/XYPointerAnnotation.java","org.jfree.chart.annotations.XYPointerAnnotation","242.0","261.0","0.93"
"org/jfree/chart/urls/CustomPieURLGenerator.java","org.jfree.chart.urls.CustomPieURLGenerator","106.0","95.0","1.12"
"org/jfree/chart/title/ShortTextTitle.java","org.jfree.chart.title.ShortTextTitle","104.0","119.0","0.87"
"org/jfree/chart/ui/VerticalAlignment.java","org.jfree.chart.ui.VerticalAlignment","67.0","57.0","1.18"
"org/jfree/chart/util/BooleanList.java","org.jfree.chart.util.BooleanList","67.0","24.0","2.79"
"org/jfree/data/KeyToGroupMap.java","org.jfree.data.KeyToGroupMap","125.0","169.0","0.74"
"org/jfree/chart/editor/DefaultNumberAxisEditor.java","org.jfree.chart.editor.DefaultNumberAxisEditor","54.0","98.0","0.55"
"org/jfree/chart/renderer/AreaRendererEndType.java","org.jfree.chart.renderer.AreaRendererEndType","74.0","49.0","1.51"
"org/jfree/chart/urls/CategoryURLGenerator.java","org.jfree.chart.urls.CategoryURLGenerator","51.0","6.0","8.5"
"org/jfree/data/xy/AbstractIntervalXYDataset.java","org.jfree.data.xy.AbstractIntervalXYDataset","75.0","40.0","1.88"
"org/jfree/chart/ui/StandardGradientPaintTransformer.java","org.jfree.chart.ui.StandardGradientPaintTransformer","77.0","81.0","0.95"
"org/jfree/chart/axis/QuarterDateFormat.java","org.jfree.chart.axis.QuarterDateFormat","94.0","87.0","1.08"
"org/jfree/data/time/TimeTableXYDataset.java","org.jfree.data.time.TimeTableXYDataset","329.0","220.0","1.5"
"org/jfree/data/time/TimeSeriesDataItem.java","org.jfree.data.time.TimeSeriesDataItem","130.0","76.0","1.71"
"org/jfree/data/KeyedValues.java","org.jfree.data.KeyedValues","83.0","8.0","10.38"
"org/jfree/chart/labels/IntervalCategoryItemLabelGenerator.java","org.jfree.chart.labels.IntervalCategoryItemLabelGenerator","68.0","56.0","1.21"
"org/jfree/chart/imagemap/StandardToolTipTagFragmentGenerator.java","org.jfree.chart.imagemap.StandardToolTipTagFragmentGenerator","48.0","12.0","4.0"
"org/jfree/chart/renderer/category/StackedBarRenderer.java","org.jfree.chart.renderer.category.StackedBarRenderer","131.0","218.0","0.6"
"org/jfree/chart/plot/AbstractPieLabelDistributor.java","org.jfree.chart.plot.AbstractPieLabelDistributor","77.0","25.0","3.08"
"org/jfree/chart/block/EntityBlockResult.java","org.jfree.chart.block.EntityBlockResult","44.0","5.0","8.8"
"org/jfree/data/xy/XIntervalSeries.java","org.jfree.data.xy.XIntervalSeries","108.0","39.0","2.77"
"org/jfree/data/xy/XYDataItem.java","org.jfree.data.xy.XYDataItem","135.0","105.0","1.29"
"org/jfree/chart/encoders/EncoderUtil.java","org.jfree.chart.encoders.EncoderUtil","125.0","53.0","2.36"
"org/jfree/data/time/DateRange.java","org.jfree.data.time.DateRange","99.0","47.0","2.11"
"org/jfree/chart/util/TableOrder.java","org.jfree.chart.util.TableOrder","50.0","16.0","3.13"
"org/jfree/chart/util/HexNumberFormat.java","org.jfree.chart.util.HexNumberFormat","91.0","51.0","1.78"
"org/jfree/chart/block/RectangleConstraint.java","org.jfree.chart.block.RectangleConstraint","171.0","155.0","1.1"
"org/jfree/chart/plot/MultiplePiePlot.java","org.jfree.chart.plot.MultiplePiePlot","228.0","359.0","0.64"
"org/jfree/chart/renderer/category/BarPainter.java","org.jfree.chart.renderer.category.BarPainter","69.0","11.0","6.27"
"org/jfree/chart/labels/StandardCategoryItemLabelGenerator.java","org.jfree.chart.labels.StandardCategoryItemLabelGenerator","86.0","44.0","1.95"
"org/jfree/data/category/DefaultIntervalCategoryDataset.java","org.jfree.data.category.DefaultIntervalCategoryDataset","374.0","380.0","0.98"
"org/jfree/data/time/Hour.java","org.jfree.data.time.Hour","244.0","204.0","1.2"
"org/jfree/data/time/TimePeriodAnchor.java","org.jfree.data.time.TimePeriodAnchor","74.0","55.0","1.35"
"org/jfree/chart/labels/StandardPieSectionLabelGenerator.java","org.jfree.chart.labels.StandardPieSectionLabelGenerator","145.0","80.0","1.81"
"org/jfree/chart/urls/PieURLGenerator.java","org.jfree.chart.urls.PieURLGenerator","59.0","5.0","11.8"
"org/jfree/chart/plot/Crosshair.java","org.jfree.chart.plot.Crosshair","367.0","306.0","1.2"
"org/jfree/chart/plot/PieLabelDistributor.java","org.jfree.chart.plot.PieLabelDistributor","103.0","107.0","0.96"
"org/jfree/chart/labels/StandardFlowLabelGenerator.java","org.jfree.chart.labels.StandardFlowLabelGenerator","68.0","49.0","1.39"
"org/jfree/chart/renderer/PolarItemRenderer.java","org.jfree.chart.renderer.PolarItemRenderer","147.0","35.0","4.2"
"org/jfree/chart/event/OverlayChangeListener.java","org.jfree.chart.event.OverlayChangeListener","43.0","6.0","7.17"
"org/jfree/chart/plot/Plot.java","org.jfree.chart.plot.Plot","679.0","692.0","0.98"
"org/jfree/chart/labels/BubbleXYItemLabelGenerator.java","org.jfree.chart.labels.BubbleXYItemLabelGenerator","127.0","117.0","1.09"
"org/jfree/chart/axis/StandardTickUnitSource.java","org.jfree.chart.axis.StandardTickUnitSource","80.0","40.0","2.0"
"org/jfree/chart/annotations/XYDrawableAnnotation.java","org.jfree.chart.annotations.XYDrawableAnnotation","104.0","130.0","0.8"
"org/jfree/data/time/Minute.java","org.jfree.data.time.Minute","234.0","215.0","1.09"
"org/jfree/chart/plot/dial/DialTextAnnotation.java","org.jfree.chart.plot.dial.DialTextAnnotation","202.0","165.0","1.22"
"org/jfree/chart/labels/SymbolicXYItemLabelGenerator.java","org.jfree.chart.labels.SymbolicXYItemLabelGenerator","87.0","69.0","1.26"
"org/jfree/chart/labels/AbstractXYItemLabelGenerator.java","org.jfree.chart.labels.AbstractXYItemLabelGenerator","160.0","162.0","0.99"
"org/jfree/chart/axis/CategoryAxis.java","org.jfree.chart.axis.CategoryAxis","577.0","764.0","0.76"
"org/jfree/data/xy/XIntervalDataItem.java","org.jfree.data.xy.XIntervalDataItem","66.0","37.0","1.78"
"org/jfree/chart/plot/PiePlotState.java","org.jfree.chart.plot.PiePlotState","158.0","90.0","1.76"
"org/jfree/chart/text/G2TextMeasurer.java","org.jfree.chart.text.G2TextMeasurer","45.0","19.0","2.37"
"org/jfree/data/statistics/Statistics.java","org.jfree.data.statistics.Statistics","182.0","237.0","0.77"
"org/jfree/chart/event/RendererChangeEvent.java","org.jfree.chart.event.RendererChangeEvent","68.0","21.0","3.24"
"org/jfree/chart/plot/ThermometerPlot.java","org.jfree.chart.plot.ThermometerPlot","676.0","805.0","0.84"
"org/jfree/data/resources/DataPackageResources_fr.java","org.jfree.data.resources.DataPackageResources_fr","49.0","13.0","3.77"
"org/jfree/chart/text/TextBlock.java","org.jfree.chart.text.TextBlock","134.0","150.0","0.89"
"org/jfree/chart/labels/XYSeriesLabelGenerator.java","org.jfree.chart.labels.XYSeriesLabelGenerator","52.0","5.0","10.4"
"org/jfree/chart/axis/DateTick.java","org.jfree.chart.axis.DateTick","78.0","43.0","1.81"
"org/jfree/chart/title/Title.java","org.jfree.chart.title.Title","214.0","184.0","1.16"
"org/jfree/chart/urls/XYURLGenerator.java","org.jfree.chart.urls.XYURLGenerator","52.0","5.0","10.4"
"org/jfree/data/xy/XYRangeInfo.java","org.jfree.data.xy.XYRangeInfo","50.0","7.0","7.14"
"org/jfree/chart/renderer/category/ScatterRenderer.java","org.jfree.chart.renderer.category.ScatterRenderer","265.0","270.0","0.98"
"org/jfree/chart/util/AbstractObjectList.java","org.jfree.chart.util.AbstractObjectList","115.0","126.0","0.91"
"org/jfree/data/statistics/MeanAndStandardDeviation.java","org.jfree.data.statistics.MeanAndStandardDeviation","93.0","59.0","1.58"
"org/jfree/data/Range.java","org.jfree.data.Range","243.0","199.0","1.22"
"org/jfree/data/xy/XYSeriesCollection.java","org.jfree.data.xy.XYSeriesCollection","318.0","365.0","0.87"
"org/jfree/chart/text/TextUtils.java","org.jfree.chart.text.TextUtils","307.0","419.0","0.73"
"org/jfree/data/xy/TableXYDataset.java","org.jfree.data.xy.TableXYDataset","53.0","4.0","13.25"
"org/jfree/chart/editor/DefaultPolarPlotEditor.java","org.jfree.chart.editor.DefaultPolarPlotEditor","81.0","115.0","0.7"
"org/jfree/data/DefaultKeyedValues2D.java","org.jfree.data.DefaultKeyedValues2D","252.0","266.0","0.95"
"org/jfree/chart/renderer/OutlierListCollection.java","org.jfree.chart.renderer.OutlierListCollection","109.0","51.0","2.14"
"org/jfree/chart/event/PlotChangeEvent.java","org.jfree.chart.event.PlotChangeEvent","52.0","13.0","4.0"
"org/jfree/chart/util/ShapeUtils.java","org.jfree.chart.util.ShapeUtils","245.0","305.0","0.8"
"org/jfree/data/general/HeatMapUtils.java","org.jfree.data.general.HeatMapUtils","67.0","50.0","1.34"
"org/jfree/chart/event/RendererChangeListener.java","org.jfree.chart.event.RendererChangeListener","44.0","5.0","8.8"
"org/jfree/chart/plot/flow/FlowPlot.java","org.jfree.chart.plot.flow.FlowPlot","300.0","462.0","0.65"
"org/jfree/data/xml/DatasetReader.java","org.jfree.data.xml.DatasetReader","89.0","75.0","1.19"
"org/jfree/chart/ui/FontDisplayField.java","org.jfree.chart.ui.FontDisplayField","57.0","32.0","1.78"
"org/jfree/chart/plot/XYCrosshairState.java","org.jfree.chart.plot.XYCrosshairState","46.0","6.0","7.67"
"org/jfree/chart/util/SortOrder.java","org.jfree.chart.util.SortOrder","50.0","16.0","3.13"
"org/jfree/data/json/impl/JSONArray.java","org.jfree.data.json.impl.JSONArray","72.0","72.0","1.0"
"org/jfree/chart/block/GridArrangement.java","org.jfree.chart.block.GridArrangement","166.0","249.0","0.67"
"org/jfree/chart/event/ChartProgressListener.java","org.jfree.chart.event.ChartProgressListener","44.0","5.0","8.8"
"org/jfree/chart/encoders/ImageEncoderFactory.java","org.jfree.chart.encoders.ImageEncoderFactory","91.0","53.0","1.72"
"org/jfree/chart/axis/NumberTickUnitSource.java","org.jfree.chart.axis.NumberTickUnitSource","57.0","158.0","0.36"
"org/jfree/data/general/DefaultPieDataset.java","org.jfree.data.general.DefaultPieDataset","186.0","130.0","1.43"
"org/jfree/chart/renderer/category/MinMaxCategoryRenderer.java","org.jfree.chart.renderer.category.MinMaxCategoryRenderer","226.0","276.0","0.82"
"org/jfree/chart/event/ChartChangeListener.java","org.jfree.chart.event.ChartChangeListener","48.0","5.0","9.6"
"org/jfree/chart/axis/AxisCollection.java","org.jfree.chart.axis.AxisCollection","78.0","48.0","1.63"
"org/jfree/chart/block/FlowArrangement.java","org.jfree.chart.block.FlowArrangement","178.0","241.0","0.74"
"org/jfree/data/xy/XYBarDataset.java","org.jfree.data.xy.XYBarDataset","230.0","126.0","1.83"
"org/jfree/chart/ui/Align.java","org.jfree.chart.ui.Align","60.0","72.0","0.83"
"org/jfree/chart/editor/DefaultTitleEditor.java","org.jfree.chart.editor.DefaultTitleEditor","104.0","170.0","0.61"
"org/jfree/chart/axis/DateTickUnit.java","org.jfree.chart.axis.DateTickUnit","175.0","144.0","1.22"
"org/jfree/chart/util/Rotation.java","org.jfree.chart.util.Rotation","55.0","21.0","2.62"
"org/jfree/chart/editor/DefaultChartEditor.java","org.jfree.chart.editor.DefaultChartEditor","96.0","151.0","0.64"
"org/jfree/data/flow/FlowDataset.java","org.jfree.data.flow.FlowDataset","109.0","14.0","7.79"
"org/jfree/chart/renderer/GrayPaintScale.java","org.jfree.chart.renderer.GrayPaintScale","121.0","84.0","1.44"
"org/jfree/chart/plot/CombinedRangeXYPlot.java","org.jfree.chart.plot.CombinedRangeXYPlot","272.0","387.0","0.7"
"org/jfree/data/jdbc/JDBCCategoryDataset.java","org.jfree.data.jdbc.JDBCCategoryDataset","153.0","142.0","1.08"
"org/jfree/chart/panel/AbstractOverlay.java","org.jfree.chart.panel.AbstractOverlay","67.0","35.0","1.91"
"org/jfree/chart/axis/ExtendedCategoryAxis.java","org.jfree.chart.axis.ExtendedCategoryAxis","124.0","110.0","1.13"
"org/jfree/chart/HashUtils.java","org.jfree.chart.HashUtils","166.0","128.0","1.3"
"org/jfree/data/jdbc/JDBCXYDataset.java","org.jfree.data.jdbc.JDBCXYDataset","249.0","269.0","0.93"
"org/jfree/chart/renderer/WaferMapRenderer.java","org.jfree.chart.renderer.WaferMapRenderer","152.0","208.0","0.73"
"org/jfree/chart/util/ShadowGenerator.java","org.jfree.chart.util.ShadowGenerator","59.0","7.0","8.43"
"org/jfree/chart/axis/TickType.java","org.jfree.chart.axis.TickType","66.0","42.0","1.57"
"org/jfree/data/xy/XYItemKey.java","org.jfree.data.xy.XYItemKey","68.0","72.0","0.94"
"org/jfree/chart/title/LegendItemBlockContainer.java","org.jfree.chart.title.LegendItemBlockContainer","101.0","73.0","1.38"
"org/jfree/data/KeyedObjects2D.java","org.jfree.data.KeyedObjects2D","216.0","253.0","0.85"
"org/jfree/chart/date/package-info.java","org.jfree.chart.date.package-info","3.0","1.0","3.0"
"org/jfree/chart/util/XYCoordinateType.java","org.jfree.chart.util.XYCoordinateType","73.0","47.0","1.55"
"org/jfree/data/xy/IntervalXYZDataset.java","org.jfree.data.xy.IntervalXYZDataset","87.0","9.0","9.67"
"org/jfree/chart/ui/StrokeChooserPanel.java","org.jfree.chart.ui.StrokeChooserPanel","53.0","35.0","1.51"
"org/jfree/chart/util/AttrStringUtils.java","org.jfree.chart.util.AttrStringUtils","105.0","181.0","0.58"
"org/jfree/data/xy/IntervalXYDataset.java","org.jfree.data.xy.IntervalXYDataset","126.0","11.0","11.45"
"org/jfree/data/xy/YIntervalDataItem.java","org.jfree.data.xy.YIntervalDataItem","66.0","37.0","1.78"
"org/jfree/data/general/Series.java","org.jfree.data.general.Series","218.0","149.0","1.46"
"org/jfree/data/general/DatasetGroup.java","org.jfree.data.general.DatasetGroup","75.0","38.0","1.97"
"org/jfree/data/json/impl/JSONStreamAware.java","org.jfree.data.json.impl.JSONStreamAware","40.0","6.0","6.67"
"org/jfree/chart/block/BlockResult.java","org.jfree.chart.block.BlockResult","53.0","16.0","3.31"
"org/jfree/chart/ui/RectangleEdge.java","org.jfree.chart.ui.RectangleEdge","97.0","101.0","0.96"
"org/jfree/data/time/DynamicTimeSeriesCollection.java","org.jfree.data.time.DynamicTimeSeriesCollection","469.0","422.0","1.11"
"org/jfree/chart/date/SpreadsheetDate.java","org.jfree.chart.date.SpreadsheetDate","222.0","179.0","1.24"
"org/jfree/chart/renderer/category/DefaultCategoryItemRenderer.java","org.jfree.chart.renderer.category.DefaultCategoryItemRenderer","45.0","8.0","5.63"
"org/jfree/data/general/AbstractSeriesDataset.java","org.jfree.data.general.AbstractSeriesDataset","72.0","28.0","2.57"
"org/jfree/chart/urls/XYZURLGenerator.java","org.jfree.chart.urls.XYZURLGenerator","51.0","5.0","10.2"
"org/jfree/chart/panel/Overlay.java","org.jfree.chart.panel.Overlay","55.0","9.0","6.11"
"org/jfree/data/category/IntervalCategoryDataset.java","org.jfree.data.category.IntervalCategoryDataset","79.0","7.0","11.29"
"org/jfree/chart/ui/GradientPaintTransformType.java","org.jfree.chart.ui.GradientPaintTransformType","66.0","65.0","1.02"
"org/jfree/chart/title/TextTitle.java","org.jfree.chart.title.TextTitle","332.0","484.0","0.69"
"org/jfree/chart/ChartTheme.java","org.jfree.chart.ChartTheme","47.0","4.0","11.75"
"org/jfree/chart/axis/DateAxis.java","org.jfree.chart.axis.DateAxis","608.0","1072.0","0.57"
"org/jfree/data/xml/RootHandler.java","org.jfree.data.xml.RootHandler","75.0","40.0","1.88"
"org/jfree/chart/plot/CombinedRangeCategoryPlot.java","org.jfree.chart.plot.CombinedRangeCategoryPlot","203.0","315.0","0.64"
"org/jfree/chart/annotations/AbstractAnnotation.java","org.jfree.chart.annotations.AbstractAnnotation","130.0","69.0","1.88"
"org/jfree/chart/event/ChartChangeEvent.java","org.jfree.chart.event.ChartChangeEvent","81.0","33.0","2.45"
"org/jfree/data/time/Month.java","org.jfree.data.time.Month","252.0","244.0","1.03"
"org/jfree/data/time/TimeSeries.java","org.jfree.data.time.TimeSeries","589.0","659.0","0.89"
"org/jfree/chart/editor/DefaultLogAxisEditor.java","org.jfree.chart.editor.DefaultLogAxisEditor","70.0","82.0","0.85"
"org/jfree/chart/entity/PieSectionEntity.java","org.jfree.chart.entity.PieSectionEntity","130.0","89.0","1.46"
"org/jfree/data/time/TimeSeriesTableModel.java","org.jfree.data.time.TimeSeriesTableModel","113.0","131.0","0.86"
"org/jfree/chart/labels/ItemLabelPosition.java","org.jfree.chart.labels.ItemLabelPosition","94.0","69.0","1.36"
"org/jfree/data/general/KeyedValueDataset.java","org.jfree.data.general.KeyedValueDataset","39.0","4.0","9.75"
"org/jfree/data/KeyedValueComparator.java","org.jfree.data.KeyedValueComparator","67.0","88.0","0.76"
"org/jfree/chart/axis/MarkerAxisBand.java","org.jfree.chart.axis.MarkerAxisBand","98.0","148.0","0.66"
"org/jfree/data/Values2D.java","org.jfree.data.Values2D","58.0","6.0","9.67"
"org/jfree/chart/needle/LineNeedle.java","org.jfree.chart.needle.LineNeedle","69.0","42.0","1.64"
"org/jfree/data/xy/DefaultIntervalXYDataset.java","org.jfree.data.xy.DefaultIntervalXYDataset","328.0","204.0","1.61"
"org/jfree/chart/servlet/ServletUtilities.java","org.jfree.chart.servlet.ServletUtilities","216.0","178.0","1.21"
"org/jfree/chart/annotations/XYDataImageAnnotation.java","org.jfree.chart.annotations.XYDataImageAnnotation","176.0","160.0","1.1"
"org/jfree/data/time/ohlc/OHLC.java","org.jfree.data.time.ohlc.OHLC","83.0","63.0","1.32"
"org/jfree/chart/renderer/xy/XYShapeRenderer.java","org.jfree.chart.renderer.xy.XYShapeRenderer","292.0","278.0","1.05"
"org/jfree/data/statistics/Regression.java","org.jfree.data.statistics.Regression","105.0","223.0","0.47"
"org/jfree/chart/block/Block.java","org.jfree.chart.block.Block","88.0","14.0","6.29"
"org/jfree/chart/ChartFrame.java","org.jfree.chart.ChartFrame","58.0","25.0","2.32"
"org/jfree/chart/entity/StandardEntityCollection.java","org.jfree.chart.entity.StandardEntityCollection","104.0","81.0","1.28"
"org/jfree/data/general/HeatMapDataset.java","org.jfree.data.general.HeatMapDataset","122.0","13.0","9.38"
"org/jfree/data/xy/YWithXInterval.java","org.jfree.data.xy.YWithXInterval","75.0","44.0","1.7"
"org/jfree/chart/plot/dial/DialPlot.java","org.jfree.chart.plot.dial.DialPlot","372.0","381.0","0.98"
"org/jfree/chart/ChartMouseListener.java","org.jfree.chart.ChartMouseListener","52.0","6.0","8.67"
"org/jfree/chart/plot/PieLabelRecord.java","org.jfree.chart.plot.PieLabelRecord","145.0","122.0","1.19"
"org/jfree/chart/renderer/xy/StackedXYBarRenderer.java","org.jfree.chart.renderer.xy.StackedXYBarRenderer","150.0","236.0","0.64"
"org/jfree/data/xy/MatrixSeriesCollection.java","org.jfree.data.xy.MatrixSeriesCollection","166.0","115.0","1.44"
"org/jfree/data/xy/XYInterval.java","org.jfree.data.xy.XYInterval","85.0","63.0","1.35"
"org/jfree/chart/renderer/xy/StackedXYAreaRenderer.java","org.jfree.chart.renderer.xy.StackedXYAreaRenderer","274.0","340.0","0.81"
"org/jfree/data/category/DefaultCategoryDataset.java","org.jfree.data.category.DefaultCategoryDataset","263.0","153.0","1.72"
"org/jfree/data/statistics/BoxAndWhiskerCalculator.java","org.jfree.data.statistics.BoxAndWhiskerCalculator","87.0","114.0","0.76"
"org/jfree/chart/util/DirectionalGradientPaintTransformer.java","org.jfree.chart.util.DirectionalGradientPaintTransformer","79.0","50.0","1.58"
"org/jfree/chart/axis/LogTick.java","org.jfree.chart.axis.LogTick","58.0","15.0","3.87"
"org/jfree/chart/renderer/xy/XYSplineRenderer.java","org.jfree.chart.renderer.xy.XYSplineRenderer","198.0","266.0","0.74"
"org/jfree/chart/plot/MeterPlot.java","org.jfree.chart.plot.MeterPlot","501.0","665.0","0.75"
"org/jfree/data/general/KeyedValuesDataset.java","org.jfree.data.general.KeyedValuesDataset","39.0","3.0","13.0"
"org/jfree/data/xy/YInterval.java","org.jfree.data.xy.YInterval","71.0","44.0","1.61"
"org/jfree/data/general/SeriesChangeEvent.java","org.jfree.data.general.SeriesChangeEvent","49.0","10.0","4.9"
"org/jfree/data/xy/YisSymbolic.java","org.jfree.data.xy.YisSymbolic","67.0","6.0","11.17"
"org/jfree/chart/annotations/AbstractXYAnnotation.java","org.jfree.chart.annotations.AbstractXYAnnotation","109.0","81.0","1.35"
"org/jfree/chart/entity/EntityCollection.java","org.jfree.chart.entity.EntityCollection","82.0","13.0","6.31"
"org/jfree/chart/block/EmptyBlock.java","org.jfree.chart.block.EmptyBlock","78.0","35.0","2.23"
"org/jfree/chart/text/TextBlockAnchor.java","org.jfree.chart.text.TextBlockAnchor","71.0","95.0","0.75"
"org/jfree/chart/renderer/AbstractRenderer.java","org.jfree.chart.renderer.AbstractRenderer","1532.0","1273.0","1.2"
"org/jfree/data/Values.java","org.jfree.data.Values","54.0","5.0","10.8"
"org/jfree/data/xy/XYIntervalSeries.java","org.jfree.data.xy.XYIntervalSeries","128.0","48.0","2.67"
"org/jfree/data/time/Year.java","org.jfree.data.time.Year","219.0","145.0","1.51"
"org/jfree/chart/plot/ValueAxisPlot.java","org.jfree.chart.plot.ValueAxisPlot","53.0","6.0","8.83"
"org/jfree/chart/ChartUtils.java","org.jfree.chart.ChartUtils","375.0","237.0","1.58"
"org/jfree/data/general/DefaultKeyedValueDataset.java","org.jfree.data.general.DefaultKeyedValueDataset","98.0","80.0","1.23"
"org/jfree/data/time/ohlc/OHLCItem.java","org.jfree.data.time.ohlc.OHLCItem","78.0","51.0","1.53"
"org/jfree/data/general/Dataset.java","org.jfree.data.general.Dataset","79.0","7.0","11.29"
"org/jfree/chart/plot/RingPlot.java","org.jfree.chart.plot.RingPlot","301.0","346.0","0.87"
"org/jfree/chart/event/AnnotationChangeListener.java","org.jfree.chart.event.AnnotationChangeListener","44.0","6.0","7.33"
"org/jfree/chart/renderer/xy/XYStepAreaRenderer.java","org.jfree.chart.renderer.xy.XYStepAreaRenderer","272.0","301.0","0.9"
"org/jfree/chart/encoders/SunPNGEncoderAdapter.java","org.jfree.chart.encoders.SunPNGEncoderAdapter","87.0","36.0","2.42"
"org/jfree/data/DefaultKeyedValue.java","org.jfree.data.DefaultKeyedValue","93.0","59.0","1.58"
"org/jfree/chart/plot/DialShape.java","org.jfree.chart.plot.DialShape","74.0","52.0","1.42"
"org/jfree/data/statistics/BoxAndWhiskerXYDataset.java","org.jfree.data.statistics.BoxAndWhiskerXYDataset","148.0","16.0","9.25"
"org/jfree/data/xy/DefaultHighLowDataset.java","org.jfree.data.xy.DefaultHighLowDataset","256.0","169.0","1.51"
"org/jfree/chart/axis/CategoryTick.java","org.jfree.chart.axis.CategoryTick","77.0","60.0","1.28"
"org/jfree/chart/util/SerialUtils.java","org.jfree.chart.util.SerialUtils","183.0","402.0","0.46"
"org/jfree/chart/axis/LogarithmicAxis.java","org.jfree.chart.axis.LogarithmicAxis","456.0","570.0","0.8"
"org/jfree/chart/plot/PolarAxisLocation.java","org.jfree.chart.plot.PolarAxisLocation","72.0","81.0","0.89"
"org/jfree/data/function/PolynomialFunction2D.java","org.jfree.data.function.PolynomialFunction2D","77.0","39.0","1.97"
"org/jfree/chart/StrokeMap.java","org.jfree.chart.StrokeMap","109.0","90.0","1.21"
"org/jfree/data/xy/NormalizedMatrixSeries.java","org.jfree.data.xy.NormalizedMatrixSeries","101.0","37.0","2.73"
"org/jfree/chart/urls/StandardXYURLGenerator.java","org.jfree.chart.urls.StandardXYURLGenerator","82.0","75.0","1.09"
"org/jfree/chart/editor/DefaultChartEditorFactory.java","org.jfree.chart.editor.DefaultChartEditorFactory","52.0","10.0","5.2"
"org/jfree/chart/renderer/category/WaterfallBarRenderer.java","org.jfree.chart.renderer.category.WaterfallBarRenderer","169.0","266.0","0.64"
"org/jfree/chart/event/MarkerChangeListener.java","org.jfree.chart.event.MarkerChangeListener","44.0","6.0","7.33"
"org/jfree/chart/labels/AbstractCategoryItemLabelGenerator.java","org.jfree.chart.labels.AbstractCategoryItemLabelGenerator","151.0","137.0","1.1"
"org/jfree/data/xml/KeyHandler.java","org.jfree.data.xml.KeyHandler","88.0","57.0","1.54"
"org/jfree/data/resources/DataPackageResources_ru.java","org.jfree.data.resources.DataPackageResources_ru","47.0","13.0","3.62"
"org/jfree/chart/urls/CustomXYURLGenerator.java","org.jfree.chart.urls.CustomXYURLGenerator","93.0","91.0","1.02"
"org/jfree/data/time/Millisecond.java","org.jfree.data.time.Millisecond","214.0","202.0","1.06"
"org/jfree/chart/imagemap/OverLIBToolTipTagFragmentGenerator.java","org.jfree.chart.imagemap.OverLIBToolTipTagFragmentGenerator","50.0","13.0","3.85"
"org/jfree/chart/labels/IntervalXYItemLabelGenerator.java","org.jfree.chart.labels.IntervalXYItemLabelGenerator","119.0","125.0","0.95"
"org/jfree/chart/plot/CategoryMarker.java","org.jfree.chart.plot.CategoryMarker","100.0","62.0","1.61"
"org/jfree/chart/axis/Tick.java","org.jfree.chart.axis.Tick","92.0","70.0","1.31"
"org/jfree/chart/util/PaintUtils.java","org.jfree.chart.util.PaintUtils","74.0","103.0","0.72"
"org/jfree/data/xy/AbstractXYDataset.java","org.jfree.data.xy.AbstractXYDataset","60.0","28.0","2.14"
"org/jfree/chart/plot/CenterTextMode.java","org.jfree.chart.plot.CenterTextMode","41.0","9.0","4.56"
"org/jfree/chart/editor/ChartEditorFactory.java","org.jfree.chart.editor.ChartEditorFactory","49.0","5.0","9.8"
"org/jfree/chart/editor/ChartEditorManager.java","org.jfree.chart.editor.ChartEditorManager","68.0","19.0","3.58"
"org/jfree/chart/event/AnnotationChangeEvent.java","org.jfree.chart.event.AnnotationChangeEvent","52.0","15.0","3.47"
"org/jfree/data/xy/YIntervalSeriesCollection.java","org.jfree.data.xy.YIntervalSeriesCollection","197.0","126.0","1.56"
"org/jfree/chart/plot/ValueMarker.java","org.jfree.chart.plot.ValueMarker","92.0","44.0","2.09"
"org/jfree/data/flow/NodeKey.java","org.jfree.data.flow.NodeKey","84.0","58.0","1.45"
"org/jfree/data/time/Week.java","org.jfree.data.time.Week","289.0","300.0","0.96"
"org/jfree/chart/block/AbstractBlock.java","org.jfree.chart.block.AbstractBlock","326.0","248.0","1.31"
"org/jfree/chart/util/Args.java","org.jfree.chart.util.Args","70.0","28.0","2.5"
"org/jfree/chart/renderer/xy/XYStepRenderer.java","org.jfree.chart.renderer.xy.XYStepRenderer","146.0","168.0","0.87"
"org/jfree/data/json/package-info.java","org.jfree.data.json.package-info","3.0","1.0","3.0"
"org/jfree/chart/ui/ApplicationFrame.java","org.jfree.chart.ui.ApplicationFrame","79.0","35.0","2.26"
"org/jfree/chart/needle/PlumNeedle.java","org.jfree.chart.needle.PlumNeedle","69.0","52.0","1.33"
"org/jfree/chart/panel/CrosshairOverlay.java","org.jfree.chart.panel.CrosshairOverlay","173.0","402.0","0.43"
"org/jfree/chart/urls/StandardXYZURLGenerator.java","org.jfree.chart.urls.StandardXYZURLGenerator","47.0","9.0","5.22"
"org/jfree/chart/plot/dial/DialFrame.java","org.jfree.chart.plot.dial.DialFrame","52.0","7.0","7.43"
"org/jfree/data/general/PieDataset.java","org.jfree.data.general.PieDataset","44.0","5.0","8.8"
"org/jfree/data/ItemKey.java","org.jfree.data.ItemKey","43.0","4.0","10.75"
"org/jfree/chart/editor/DefaultPlotEditor.java","org.jfree.chart.editor.DefaultPlotEditor","198.0","378.0","0.52"
"org/jfree/chart/util/ObjectList.java","org.jfree.chart.util.ObjectList","72.0","20.0","3.6"
"org/jfree/chart/plot/CombinedDomainXYPlot.java","org.jfree.chart.plot.CombinedDomainXYPlot","294.0","395.0","0.74"
"org/jfree/chart/util/ExportUtils.java","org.jfree.chart.util.ExportUtils","103.0","126.0","0.82"
"org/jfree/chart/servlet/DisplayChart.java","org.jfree.chart.servlet.DisplayChart","84.0","58.0","1.45"
"org/jfree/chart/title/LegendTitle.java","org.jfree.chart.title.LegendTitle","264.0","356.0","0.74"
"org/jfree/chart/event/AxisChangeListener.java","org.jfree.chart.event.AxisChangeListener","50.0","5.0","10.0"
"org/jfree/chart/block/LineBorder.java","org.jfree.chart.block.LineBorder","96.0","122.0","0.79"
"org/jfree/data/time/Second.java","org.jfree.data.time.Second","220.0","203.0","1.08"
"org/jfree/chart/encoders/SunJPEGEncoderAdapter.java","org.jfree.chart.encoders.SunJPEGEncoderAdapter","108.0","60.0","1.8"
"org/jfree/chart/plot/PolarPlot.java","org.jfree.chart.plot.PolarPlot","851.0","1047.0","0.81"
"org/jfree/chart/entity/CategoryItemEntity.java","org.jfree.chart.entity.CategoryItemEntity","114.0","67.0","1.7"
"org/jfree/chart/editor/DefaultAxisEditor.java","org.jfree.chart.editor.DefaultAxisEditor","228.0","239.0","0.95"
"org/jfree/chart/annotations/CategoryLineAnnotation.java","org.jfree.chart.annotations.CategoryLineAnnotation","190.0","202.0","0.94"
"org/jfree/data/statistics/StatisticalCategoryDataset.java","org.jfree.data.statistics.StatisticalCategoryDataset","71.0","8.0","8.88"
"org/jfree/chart/renderer/xy/CyclicXYItemRenderer.java","org.jfree.chart.renderer.xy.CyclicXYItemRenderer","200.0","261.0","0.77"
"org/jfree/chart/urls/StandardCategoryURLGenerator.java","org.jfree.chart.urls.StandardCategoryURLGenerator","94.0","92.0","1.02"
"org/jfree/chart/renderer/category/GanttRenderer.java","org.jfree.chart.renderer.category.GanttRenderer","205.0","354.0","0.58"
"org/jfree/data/category/SlidingCategoryDataset.java","org.jfree.data.category.SlidingCategoryDataset","189.0","143.0","1.32"
"org/jfree/data/general/SeriesException.java","org.jfree.data.general.SeriesException","50.0","9.0","5.56"
"org/jfree/chart/imagemap/URLTagFragmentGenerator.java","org.jfree.chart.imagemap.URLTagFragmentGenerator","54.0","8.0","6.75"
"org/jfree/chart/plot/PiePlot.java","org.jfree.chart.plot.PiePlot","1384.0","1657.0","0.84"
"org/jfree/chart/labels/IntervalXYToolTipGenerator.java","org.jfree.chart.labels.IntervalXYToolTipGenerator","119.0","122.0","0.98"
"org/jfree/chart/LegendItem.java","org.jfree.chart.LegendItem","549.0","462.0","1.19"
"org/jfree/chart/entity/LegendItemEntity.java","org.jfree.chart.entity.LegendItemEntity","99.0","58.0","1.71"
"org/jfree/chart/ui/UIUtils.java","org.jfree.chart.ui.UIUtils","96.0","85.0","1.13"
"org/jfree/chart/needle/ArrowNeedle.java","org.jfree.chart.needle.ArrowNeedle","78.0","79.0","0.99"
"org/jfree/chart/block/EntityBlockParams.java","org.jfree.chart.block.EntityBlockParams","46.0","4.0","11.5"
"org/jfree/chart/ui/TextAnchor.java","org.jfree.chart.ui.TextAnchor","126.0","160.0","0.79"
"org/jfree/data/xy/AbstractXYZDataset.java","org.jfree.data.xy.AbstractXYZDataset","47.0","13.0","3.62"
"org/jfree/data/statistics/BoxAndWhiskerCategoryDataset.java","org.jfree.data.statistics.BoxAndWhiskerCategoryDataset","194.0","23.0","8.43"
"org/jfree/data/json/impl/package-info.java","org.jfree.data.json.impl.package-info","3.0","1.0","3.0"
"org/jfree/chart/plot/dial/AbstractDialLayer.java","org.jfree.chart.plot.dial.AbstractDialLayer","119.0","76.0","1.57"
"org/jfree/chart/renderer/category/GroupedStackedBarRenderer.java","org.jfree.chart.renderer.category.GroupedStackedBarRenderer","114.0","220.0","0.52"
"org/jfree/chart/editor/DefaultValueAxisEditor.java","org.jfree.chart.editor.DefaultValueAxisEditor","141.0","241.0","0.59"
"org/jfree/chart/ui/RectangleAnchor.java","org.jfree.chart.ui.RectangleAnchor","68.0","86.0","0.79"
"org/jfree/chart/renderer/xy/DeviationRenderer.java","org.jfree.chart.renderer.xy.DeviationRenderer","174.0","169.0","1.03"
"org/jfree/chart/needle/MeterNeedle.java","org.jfree.chart.needle.MeterNeedle","197.0","187.0","1.05"
"org/jfree/data/time/TimePeriodValuesCollection.java","org.jfree.data.time.TimePeriodValuesCollection","204.0","203.0","1.0"
"org/jfree/chart/entity/PlotEntity.java","org.jfree.chart.entity.PlotEntity","111.0","81.0","1.37"
"org/jfree/chart/axis/Timeline.java","org.jfree.chart.axis.Timeline","116.0","11.0","10.55"
"org/jfree/chart/ChartHints.java","org.jfree.chart.ChartHints","68.0","25.0","2.72"
"org/jfree/data/category/CategoryToPieDataset.java","org.jfree.data.category.CategoryToPieDataset","141.0","159.0","0.89"
"org/jfree/data/xy/DefaultWindDataset.java","org.jfree.data.xy.DefaultWindDataset","219.0","191.0","1.15"
"org/jfree/data/flow/FlowDatasetUtils.java","org.jfree.data.flow.FlowDatasetUtils","105.0","93.0","1.13"
"org/jfree/chart/plot/dial/DialLayer.java","org.jfree.chart.plot.dial.DialLayer","88.0","14.0","6.29"
"org/jfree/chart/labels/CategorySeriesLabelGenerator.java","org.jfree.chart.labels.CategorySeriesLabelGenerator","51.0","5.0","10.2"
"org/jfree/chart/annotations/XYPolygonAnnotation.java","org.jfree.chart.annotations.XYPolygonAnnotation","150.0","176.0","0.85"
"org/jfree/chart/renderer/xy/CandlestickRenderer.java","org.jfree.chart.renderer.xy.CandlestickRenderer","390.0","440.0","0.89"
"org/jfree/data/KeyedObjects.java","org.jfree.data.KeyedObjects","162.0","158.0","1.03"
"org/jfree/chart/plot/CategoryPlot.java","org.jfree.chart.plot.CategoryPlot","2075.0","2368.0","0.88"
"org/jfree/chart/labels/CrosshairLabelGenerator.java","org.jfree.chart.labels.CrosshairLabelGenerator","45.0","5.0","9.0"
"org/jfree/data/KeyedValuesItemKey.java","org.jfree.data.KeyedValuesItemKey","56.0","42.0","1.33"
"org/jfree/chart/block/BlockParams.java","org.jfree.chart.block.BlockParams","91.0","30.0","3.03"
"org/jfree/chart/labels/PieSectionLabelGenerator.java","org.jfree.chart.labels.PieSectionLabelGenerator","74.0","11.0","6.73"
"org/jfree/chart/labels/HighLowItemLabelGenerator.java","org.jfree.chart.labels.HighLowItemLabelGenerator","93.0","109.0","0.85"
"org/jfree/data/DefaultKeyedValues.java","org.jfree.data.DefaultKeyedValues","205.0","206.0","1.0"
"org/jfree/data/xy/DefaultOHLCDataset.java","org.jfree.data.xy.DefaultOHLCDataset","201.0","130.0","1.55"
"org/jfree/chart/needle/PointerNeedle.java","org.jfree.chart.needle.PointerNeedle","70.0","71.0","0.99"
"org/jfree/data/ComparableObjectItem.java","org.jfree.data.ComparableObjectItem","102.0","67.0","1.52"
"org/jfree/chart/annotations/XYAnnotationBoundsInfo.java","org.jfree.chart.annotations.XYAnnotationBoundsInfo","57.0","7.0","8.14"
"org/jfree/chart/util/ObjectUtils.java","org.jfree.chart.util.ObjectUtils","74.0","76.0","0.97"
"org/jfree/chart/needle/LongNeedle.java","org.jfree.chart.needle.LongNeedle","74.0","88.0","0.84"
"org/jfree/chart/axis/ValueAxis.java","org.jfree.chart.axis.ValueAxis","756.0","795.0","0.95"
"org/jfree/chart/axis/PeriodAxisLabelInfo.java","org.jfree.chart.axis.PeriodAxisLabelInfo","162.0","172.0","0.94"
"org/jfree/chart/plot/FastScatterPlot.java","org.jfree.chart.plot.FastScatterPlot","462.0","523.0","0.88"
"org/jfree/chart/event/ChartProgressEvent.java","org.jfree.chart.event.ChartProgressEvent","82.0","39.0","2.1"
"org/jfree/chart/labels/MultipleXYSeriesLabelGenerator.java","org.jfree.chart.labels.MultipleXYSeriesLabelGenerator","100.0","118.0","0.85"
"org/jfree/chart/renderer/category/BoxAndWhiskerRenderer.java","org.jfree.chart.renderer.category.BoxAndWhiskerRenderer","419.0","601.0","0.7"
"org/jfree/data/resources/DataPackageResources.java","org.jfree.data.resources.DataPackageResources","50.0","13.0","3.85"
"org/jfree/data/general/DatasetChangeEvent.java","org.jfree.data.general.DatasetChangeEvent","69.0","11.0","6.27"
"org/jfree/data/statistics/DefaultBoxAndWhiskerXYDataset.java","org.jfree.data.statistics.DefaultBoxAndWhiskerXYDataset","284.0","236.0","1.2"
"org/jfree/data/xy/DefaultXYZDataset.java","org.jfree.data.xy.DefaultXYZDataset","244.0","166.0","1.47"
"org/jfree/data/DomainInfo.java","org.jfree.data.DomainInfo","68.0","6.0","11.33"
"org/jfree/data/statistics/HistogramBin.java","org.jfree.data.statistics.HistogramBin","93.0","57.0","1.63"
"org/jfree/chart/imagemap/ToolTipTagFragmentGenerator.java","org.jfree.chart.imagemap.ToolTipTagFragmentGenerator","57.0","4.0","14.25"
"org/jfree/chart/text/TextFragment.java","org.jfree.chart.text.TextFragment","142.0","138.0","1.03"
"org/jfree/chart/annotations/XYTextAnnotation.java","org.jfree.chart.annotations.XYTextAnnotation","293.0","296.0","0.99"
"org/jfree/data/xy/XIntervalSeriesCollection.java","org.jfree.data.xy.XIntervalSeriesCollection","197.0","130.0","1.52"
"org/jfree/chart/entity/CategoryLabelEntity.java","org.jfree.chart.entity.CategoryLabelEntity","70.0","46.0","1.52"
"org/jfree/chart/labels/StandardPieToolTipGenerator.java","org.jfree.chart.labels.StandardPieToolTipGenerator","92.0","39.0","2.36"
"org/jfree/chart/ui/StrokeSample.java","org.jfree.chart.ui.StrokeSample","74.0","74.0","1.0"
"org/jfree/chart/labels/AbstractPieItemLabelGenerator.java","org.jfree.chart.labels.AbstractPieItemLabelGenerator","110.0","107.0","1.03"
"org/jfree/data/xy/XYCoordinate.java","org.jfree.data.xy.XYCoordinate","84.0","73.0","1.15"
"org/jfree/chart/util/PaintAlpha.java","org.jfree.chart.util.PaintAlpha","223.0","146.0","1.53"
"org/jfree/chart/entity/TickLabelEntity.java","org.jfree.chart.entity.TickLabelEntity","47.0","11.0","4.27"
"org/jfree/chart/plot/dial/StandardDialRange.java","org.jfree.chart.plot.dial.StandardDialRange","210.0","185.0","1.14"
"org/jfree/chart/axis/CategoryLabelPositions.java","org.jfree.chart.axis.CategoryLabelPositions","169.0","223.0","0.76"
"org/jfree/data/xml/CategoryDatasetHandler.java","org.jfree.data.xml.CategoryDatasetHandler","73.0","49.0","1.49"
"org/jfree/data/category/CategoryRangeInfo.java","org.jfree.data.category.CategoryRangeInfo","49.0","7.0","7.0"
"org/jfree/chart/axis/DateTickUnitType.java","org.jfree.chart.axis.DateTickUnitType","78.0","82.0","0.95"
"org/jfree/data/xy/OHLCDataItem.java","org.jfree.data.xy.OHLCDataItem","111.0","84.0","1.32"
"org/jfree/chart/text/TextMeasurer.java","org.jfree.chart.text.TextMeasurer","40.0","4.0","10.0"
"org/jfree/chart/entity/XYItemEntity.java","org.jfree.chart.entity.XYItemEntity","97.0","61.0","1.59"
"org/jfree/chart/event/TitleChangeListener.java","org.jfree.chart.event.TitleChangeListener","45.0","5.0","9.0"
"org/jfree/chart/renderer/xy/YIntervalRenderer.java","org.jfree.chart.renderer.xy.YIntervalRenderer","129.0","144.0","0.9"
"org/jfree/chart/LegendItemCollection.java","org.jfree.chart.LegendItemCollection","86.0","49.0","1.76"
"org/jfree/chart/PaintMap.java","org.jfree.chart.PaintMap","112.0","90.0","1.24"
"org/jfree/chart/plot/dial/DialValueIndicator.java","org.jfree.chart.plot.dial.DialValueIndicator","363.0","343.0","1.06"
"org/jfree/chart/entity/TitleEntity.java","org.jfree.chart.entity.TitleEntity","111.0","81.0","1.37"
"org/jfree/chart/plot/CategoryCrosshairState.java","org.jfree.chart.plot.CategoryCrosshairState","93.0","63.0","1.48"
"org/jfree/chart/annotations/CategoryAnnotation.java","org.jfree.chart.annotations.CategoryAnnotation","50.0","10.0","5.0"
"org/jfree/data/statistics/DefaultMultiValueCategoryDataset.java","org.jfree.data.statistics.DefaultMultiValueCategoryDataset","182.0","195.0","0.93"
"org/jfree/data/time/RegularTimePeriod.java","org.jfree.data.time.RegularTimePeriod","247.0","110.0","2.25"
"org/jfree/data/xy/YIntervalSeries.java","org.jfree.data.xy.YIntervalSeries","110.0","39.0","2.82"
"org/jfree/chart/axis/AxisLocation.java","org.jfree.chart.axis.AxisLocation","87.0","87.0","1.0"
"org/jfree/chart/util/CloneUtils.java","org.jfree.chart.util.CloneUtils","62.0","74.0","0.84"
"org/jfree/data/gantt/GanttCategoryDataset.java","org.jfree.data.gantt.GanttCategoryDataset","145.0","17.0","8.53"
"org/jfree/chart/axis/CategoryLabelWidthType.java","org.jfree.chart.axis.CategoryLabelWidthType","67.0","47.0","1.43"
"org/jfree/chart/renderer/xy/VectorRenderer.java","org.jfree.chart.renderer.xy.VectorRenderer","108.0","209.0","0.52"
"org/jfree/data/general/DatasetChangeListener.java","org.jfree.data.general.DatasetChangeListener","52.0","5.0","10.4"
