"chemin";"class";"classe_CLOC";"classe_LOC";"classe_DC";"WMC";"classe_BC"
"jfree/chart/swing/ChartPanel.java";"jfree.chart.swing.ChartPanel";"1190.0";"1635.0";"0.73";"2.32";"0.31"
"jfree/chart/plot/XYPlot.java";"jfree.chart.plot.XYPlot";"2259.0";"2773.0";"0.81";"2.68";"0.3"
"jfree/chart/plot/compass/ArrowNeedle.java";"jfree.chart.plot.compass.ArrowNeedle";"78.0";"79.0";"0.99";"2.4";"0.41"
"jfree/chart/text/format/LogFormat.java";"jfree.chart.text.format.LogFormat";"125.0";"103.0";"1.21";"1.82";"0.67"
"jfree/chart/entity/JFreeChartEntity.java";"jfree.chart.entity.JFreeChartEntity";"111.0";"81.0";"1.37";"1.6";"0.86"
"jfree/chart/plot/Crosshair.java";"jfree.chart.plot.Crosshair";"377.0";"307.0";"1.23";"1.43";"0.86"
"jfree/data/function/PowerFunction2D.java";"jfree.data.function.PowerFunction2D";"79.0";"44.0";"1.8";"1.5";"1.2"
"jfree/chart/swing/OverlayChangeListener.java";"jfree.chart.swing.OverlayChangeListener";"43.0";"5.0";"8.6";"1.0";"8.6"
"jfree/chart/labels/StandardPieToolTipGenerator.java";"jfree.chart.labels.StandardPieToolTipGenerator";"92.0";"39.0";"2.36";"1.0";"2.36"
"jfree/chart/text/format/HexNumberFormat.java";"jfree.chart.text.format.HexNumberFormat";"91.0";"51.0";"1.78";"1.14";"1.56"
"jfree/data/time/TimePeriodAnchor.java";"jfree.data.time.TimePeriodAnchor";"42.0";"9.0";"4.67";"1.0";"4.67"
"jfree/data/resources/DataPackageResources_de.java";"jfree.data.resources.DataPackageResources_de";"50.0";"13.0";"3.85";"1.0";"3.85"
"jfree/data/json/impl/JSONValue.java";"jfree.data.json.impl.JSONValue";"159.0";"156.0";"1.02";"9.75";"0.1"
"jfree/data/KeyedValues2DItemKey.java";"jfree.data.KeyedValues2DItemKey";"69.0";"74.0";"0.93";"1.71";"0.54"
"jfree/data/gantt/Task.java";"jfree.data.gantt.Task";"131.0";"103.0";"1.27";"1.38";"0.92"
"jfree/chart/util/DirectionalGradientPaintTransformer.java";"jfree.chart.util.DirectionalGradientPaintTransformer";"77.0";"48.0";"1.6";"2.0";"0.8"
"jfree/chart/plot/dial/DialTextAnnotation.java";"jfree.chart.plot.dial.DialTextAnnotation";"202.0";"165.0";"1.22";"1.45";"0.84"
"jfree/chart/api/SortOrder.java";"jfree.chart.api.SortOrder";"39.0";"7.0";"5.57";"1.0";"5.57"
"jfree/chart/text/TextUtils.java";"jfree.chart.text.TextUtils";"307.0";"393.0";"0.78";"3.3";"0.24"
"jfree/chart/plot/pie/PiePlot.java";"jfree.chart.plot.pie.PiePlot";"1376.0";"1587.0";"0.87";"2.14";"0.41"
"jfree/chart/swing/NumberCellRenderer.java";"jfree.chart.swing.NumberCellRenderer";"48.0";"30.0";"1.6";"2.0";"0.8"
"jfree/chart/internal/HashUtils.java";"jfree.chart.internal.HashUtils";"127.0";"65.0";"1.95";"1.4";"1.4"
"jfree/data/statistics/DefaultStatisticalCategoryDataset.java";"jfree.data.statistics.DefaultStatisticalCategoryDataset";"321.0";"372.0";"0.86";"2.17";"0.4"
"jfree/chart/JFreeChart.java";"jfree.chart.JFreeChart";"727.0";"799.0";"0.91";"2.04";"0.45"
"jfree/chart/plot/dial/StandardDialScale.java";"jfree.chart.plot.dial.StandardDialScale";"501.0";"421.0";"1.19";"1.65";"0.72"
"jfree/chart/plot/SpiderWebPlot.java";"jfree.chart.plot.SpiderWebPlot";"605.0";"711.0";"0.85";"2.05";"0.42"
"jfree/chart/renderer/package-info.java";"jfree.chart.renderer.package-info";"3.0";"1.0";"3.0";"1.0";"3.0"
"jfree/data/KeyedValues.java";"jfree.data.KeyedValues";"81.0";"8.0";"10.13";"1.0";"10.13"
"jfree/chart/plot/DefaultDrawingSupplier.java";"jfree.chart.plot.DefaultDrawingSupplier";"187.0";"295.0";"0.63";"2.29";"0.28"
"jfree/chart/annotations/XYBoxAnnotation.java";"jfree.chart.annotations.XYBoxAnnotation";"166.0";"184.0";"0.9";"1.88";"0.48"
"jfree/chart/text/TextBlockAnchor.java";"jfree.chart.text.TextBlockAnchor";"43.0";"21.0";"2.05";"1.0";"2.05"
"jfree/chart/annotations/package-info.java";"jfree.chart.annotations.package-info";"3.0";"1.0";"3.0";"1.0";"3.0"
"jfree/data/UnknownKeyException.java";"jfree.data.UnknownKeyException";"47.0";"6.0";"7.83";"1.0";"7.83"
"jfree/chart/plot/pie/PieLabelDistributor.java";"jfree.chart.plot.pie.PieLabelDistributor";"93.0";"107.0";"0.87";"2.89";"0.3"
"jfree/chart/renderer/xy/XYSplineRenderer.java";"jfree.chart.renderer.xy.XYSplineRenderer";"210.0";"265.0";"0.79";"2.93";"0.27"
"jfree/data/general/HeatMapDataset.java";"jfree.data.general.HeatMapDataset";"128.0";"13.0";"9.85";"1.0";"9.85"
"jfree/chart/text/TextBlock.java";"jfree.chart.text.TextBlock";"135.0";"140.0";"0.96";"1.86";"0.52"
"jfree/data/statistics/DefaultMultiValueCategoryDataset.java";"jfree.data.statistics.DefaultMultiValueCategoryDataset";"184.0";"196.0";"0.94";"2.05";"0.46"
"jfree/data/gantt/TaskSeries.java";"jfree.data.gantt.TaskSeries";"105.0";"80.0";"1.31";"1.55";"0.85"
"jfree/data/gantt/TaskSeriesCollection.java";"jfree.data.gantt.TaskSeriesCollection";"319.0";"318.0";"1.0";"1.68";"0.6"
"jfree/chart/axis/LogarithmicAxis.java";"jfree.chart.axis.LogarithmicAxis";"456.0";"570.0";"0.8";"3.57";"0.22"
"jfree/data/time/DateRange.java";"jfree.data.time.DateRange";"103.0";"47.0";"2.19";"1.0";"2.19"
"jfree/data/time/TimePeriodValue.java";"jfree.data.time.TimePeriodValue";"103.0";"69.0";"1.49";"1.44";"1.03"
"jfree/data/xy/XYSeries.java";"jfree.data.xy.XYSeries";"467.0";"433.0";"1.08";"2.2";"0.49"
"jfree/chart/renderer/xy/StackedXYAreaRenderer2.java";"jfree.chart.renderer.xy.StackedXYAreaRenderer2";"170.0";"326.0";"0.52";"3.67";"0.14"
"jfree/chart/labels/StandardFlowLabelGenerator.java";"jfree.chart.labels.StandardFlowLabelGenerator";"68.0";"49.0";"1.39";"1.4";"0.99"
"jfree/data/time/Quarter.java";"jfree.data.time.Quarter";"242.0";"207.0";"1.17";"1.54";"0.76"
"jfree/chart/swing/ChartFrame.java";"jfree.chart.swing.ChartFrame";"58.0";"26.0";"2.23";"1.33";"1.67"
"jfree/chart/axis/LogAxis.java";"jfree.chart.axis.LogAxis";"403.0";"570.0";"0.71";"2.42";"0.29"
"jfree/chart/imagemap/StandardToolTipTagFragmentGenerator.java";"jfree.chart.imagemap.StandardToolTipTagFragmentGenerator";"53.0";"12.0";"4.42";"1.0";"4.42"
"jfree/chart/swing/Overlay.java";"jfree.chart.swing.Overlay";"71.0";"7.0";"10.14";"1.0";"10.14"
"jfree/chart/entity/AxisEntity.java";"jfree.chart.entity.AxisEntity";"112.0";"81.0";"1.38";"1.6";"0.86"
"jfree/chart/title/ImageTitle.java";"jfree.chart.title.ImageTitle";"154.0";"177.0";"0.87";"2.33";"0.37"
"jfree/chart/event/RendererChangeListener.java";"jfree.chart.event.RendererChangeListener";"44.0";"5.0";"8.8";"1.0";"8.8"
"jfree/chart/block/LabelBlock.java";"jfree.chart.block.LabelBlock";"204.0";"186.0";"1.1";"1.55";"0.71"
"jfree/chart/date/SpreadsheetDate.java";"jfree.chart.date.SpreadsheetDate";"230.0";"179.0";"1.28";"1.7";"0.76"
"jfree/chart/swing/UIUtils.java";"jfree.chart.swing.UIUtils";"96.0";"85.0";"1.13";"1.3";"0.87"
"jfree/data/io/CSV.java";"jfree.data.io.CSV";"95.0";"98.0";"0.97";"2.67";"0.36"
"jfree/chart/labels/StandardCategoryItemLabelGenerator.java";"jfree.chart.labels.StandardCategoryItemLabelGenerator";"86.0";"49.0";"1.76";"1.0";"1.76"
"jfree/chart/legend/LegendRenderingOrder.java";"jfree.chart.legend.LegendRenderingOrder";"40.0";"7.0";"5.71";"1.0";"5.71"
"jfree/chart/plot/WaferMapPlot.java";"jfree.chart.plot.WaferMapPlot";"156.0";"245.0";"0.64";"2.27";"0.28"
"jfree/chart/entity/NodeEntity.java";"jfree.chart.entity.NodeEntity";"65.0";"23.0";"2.83";"1.0";"2.83"
"jfree/chart/title/DateTitle.java";"jfree.chart.title.DateTitle";"117.0";"38.0";"3.08";"1.0";"3.08"
"jfree/chart/plot/dial/DialLayerChangeEvent.java";"jfree.chart.plot.dial.DialLayerChangeEvent";"50.0";"13.0";"3.85";"1.0";"3.85"
"jfree/data/xy/DefaultTableXYDataset.java";"jfree.data.xy.DefaultTableXYDataset";"289.0";"297.0";"0.97";"1.81";"0.54"
"jfree/data/gantt/GanttCategoryDataset.java";"jfree.data.gantt.GanttCategoryDataset";"145.0";"15.0";"9.67";"1.0";"9.67"
"jfree/chart/axis/Axis.java";"jfree.chart.axis.Axis";"748.0";"822.0";"0.91";"2.05";"0.44"
"jfree/chart/api/RectangleInsets.java";"jfree.chart.api.RectangleInsets";"238.0";"251.0";"0.95";"1.79";"0.53"
"jfree/chart/encoders/ImageEncoderFactory.java";"jfree.chart.encoders.ImageEncoderFactory";"91.0";"53.0";"1.72";"1.29";"1.34"
"jfree/chart/axis/TickUnitSource.java";"jfree.chart.axis.TickUnitSource";"68.0";"6.0";"11.33";"1.0";"11.33"
"jfree/data/resources/DataPackageResources_ru.java";"jfree.data.resources.DataPackageResources_ru";"47.0";"13.0";"3.62";"1.0";"3.62"
"jfree/data/xy/DefaultXYZDataset.java";"jfree.data.xy.DefaultXYZDataset";"246.0";"158.0";"1.56";"1.71";"0.91"
"jfree/chart/title/package-info.java";"jfree.chart.title.package-info";"3.0";"1.0";"3.0";"1.0";"3.0"
"jfree/chart/plot/pie/AbstractPieLabelDistributor.java";"jfree.chart.plot.pie.AbstractPieLabelDistributor";"72.0";"25.0";"2.88";"1.0";"2.88"
"jfree/chart/plot/MeterPlot.java";"jfree.chart.plot.MeterPlot";"520.0";"671.0";"0.77";"2.04";"0.38"
"jfree/chart/event/TitleChangeListener.java";"jfree.chart.event.TitleChangeListener";"45.0";"5.0";"9.0";"1.0";"9.0"
"jfree/data/category/CategoryDataset.java";"jfree.data.category.CategoryDataset";"59.0";"6.0";"9.83";"1.0";"9.83"
"jfree/data/statistics/BoxAndWhiskerItem.java";"jfree.data.statistics.BoxAndWhiskerItem";"138.0";"135.0";"1.02";"1.86";"0.55"
"jfree/chart/urls/CategoryURLGenerator.java";"jfree.chart.urls.CategoryURLGenerator";"67.0";"6.0";"11.17";"1.0";"11.17"
"jfree/chart/renderer/PolarItemRenderer.java";"jfree.chart.renderer.PolarItemRenderer";"147.0";"35.0";"4.2";"1.0";"4.2"
"jfree/chart/axis/PeriodAxis.java";"jfree.chart.axis.PeriodAxis";"429.0";"678.0";"0.63";"2.5";"0.25"
"jfree/data/DomainOrder.java";"jfree.data.DomainOrder";"41.0";"9.0";"4.56";"1.0";"4.56"
"jfree/chart/renderer/category/StackedBarRenderer.java";"jfree.chart.renderer.category.StackedBarRenderer";"131.0";"218.0";"0.6";"4.11";"0.15"
"jfree/data/xy/XYDataItem.java";"jfree.data.xy.XYDataItem";"130.0";"96.0";"1.35";"1.54";"0.88"
"jfree/chart/block/Arrangement.java";"jfree.chart.block.Arrangement";"61.0";"7.0";"8.71";"1.0";"8.71"
"jfree/data/xy/XYCoordinate.java";"jfree.data.xy.XYCoordinate";"84.0";"73.0";"1.15";"2.13";"0.54"
"jfree/chart/swing/editor/ChartEditorFactory.java";"jfree.chart.swing.editor.ChartEditorFactory";"45.0";"5.0";"9.0";"1.0";"9.0"
"jfree/chart/imagemap/ToolTipTagFragmentGenerator.java";"jfree.chart.imagemap.ToolTipTagFragmentGenerator";"57.0";"4.0";"14.25";"1.0";"14.25"
"jfree/chart/plot/dial/DialBackground.java";"jfree.chart.plot.dial.DialBackground";"142.0";"101.0";"1.41";"1.38";"1.02"
"jfree/data/gantt/XYTaskDataset.java";"jfree.data.gantt.XYTaskDataset";"242.0";"206.0";"1.17";"1.39";"0.85"
"jfree/chart/labels/CustomXYToolTipGenerator.java";"jfree.chart.labels.CustomXYToolTipGenerator";"92.0";"79.0";"1.16";"2.25";"0.52"
"jfree/chart/imagemap/package-info.java";"jfree.chart.imagemap.package-info";"3.0";"1.0";"3.0";"1.0";"3.0"
"jfree/chart/renderer/category/AbstractCategoryItemRenderer.java";"jfree.chart.renderer.category.AbstractCategoryItemRenderer";"618.0";"938.0";"0.66";"2.76";"0.24"
"jfree/chart/plot/compass/package-info.java";"jfree.chart.plot.compass.package-info";"3.0";"1.0";"3.0";"1.0";"3.0"
"jfree/chart/title/ShortTextTitle.java";"jfree.chart.title.ShortTextTitle";"104.0";"119.0";"0.87";"3.43";"0.25"
"jfree/data/DataUtils.java";"jfree.data.DataUtils";"122.0";"126.0";"0.97";"3.56";"0.27"
"jfree/chart/block/ColumnArrangement.java";"jfree.chart.block.ColumnArrangement";"150.0";"213.0";"0.7";"3.82";"0.18"
"jfree/chart/renderer/category/package-info.java";"jfree.chart.renderer.category.package-info";"3.0";"1.0";"3.0";"1.0";"3.0"
"jfree/chart/text/format/package-info.java";"jfree.chart.text.format.package-info";"3.0";"1.0";"3.0";"1.0";"3.0"
"jfree/chart/block/ColorBlock.java";"jfree.chart.block.ColorBlock";"103.0";"74.0";"1.39";"1.33";"1.04"
"jfree/chart/labels/AbstractPieItemLabelGenerator.java";"jfree.chart.labels.AbstractPieItemLabelGenerator";"110.0";"107.0";"1.03";"2.22";"0.46"
"jfree/data/general/AbstractSeriesDataset.java";"jfree.data.general.AbstractSeriesDataset";"72.0";"29.0";"2.48";"1.67";"1.49"
"jfree/chart/text/TextLine.java";"jfree.chart.text.TextLine";"114.0";"110.0";"1.04";"1.77";"0.59"
"jfree/chart/renderer/category/ScatterRenderer.java";"jfree.chart.renderer.category.ScatterRenderer";"265.0";"269.0";"0.99";"2.13";"0.46"
"jfree/chart/renderer/category/StandardBarPainter.java";"jfree.chart.renderer.category.StandardBarPainter";"96.0";"106.0";"0.91";"3.5";"0.26"
"jfree/chart/swing/editor/DefaultChartEditor.java";"jfree.chart.swing.editor.DefaultChartEditor";"90.0";"147.0";"0.61";"1.38";"0.45"
"jfree/data/general/SeriesDataset.java";"jfree.data.general.SeriesDataset";"67.0";"11.0";"6.09";"1.0";"6.09"
"jfree/chart/renderer/xy/StackedXYAreaRenderer.java";"jfree.chart.renderer.xy.StackedXYAreaRenderer";"274.0";"340.0";"0.81";"3.29";"0.24"
"jfree/chart/api/PublicCloneable.java";"jfree.chart.api.PublicCloneable";"48.0";"5.0";"9.6";"1.0";"9.6"
"jfree/chart/plot/XYCrosshairState.java";"jfree.chart.plot.XYCrosshairState";"46.0";"6.0";"7.67";"1.0";"7.67"
"jfree/chart/plot/dial/StandardDialFrame.java";"jfree.chart.plot.dial.StandardDialFrame";"173.0";"151.0";"1.15";"1.41";"0.81"
"jfree/data/resources/DataPackageResources_pl.java";"jfree.data.resources.DataPackageResources_pl";"51.0";"13.0";"3.92";"1.0";"3.92"
"jfree/chart/urls/StandardXYURLGenerator.java";"jfree.chart.urls.StandardXYURLGenerator";"82.0";"65.0";"1.26";"2.0";"0.63"
"jfree/chart/labels/ItemLabelPosition.java";"jfree.chart.labels.ItemLabelPosition";"94.0";"81.0";"1.16";"1.67";"0.7"
"jfree/data/flow/package-info.java";"jfree.data.flow.package-info";"3.0";"1.0";"3.0";"1.0";"3.0"
"jfree/chart/axis/QuarterDateFormat.java";"jfree.chart.axis.QuarterDateFormat";"96.0";"86.0";"1.12";"1.0";"1.12"
"jfree/data/general/KeyedValueDataset.java";"jfree.data.general.KeyedValueDataset";"43.0";"4.0";"10.75";"1.0";"10.75"
"jfree/data/general/SeriesException.java";"jfree.data.general.SeriesException";"50.0";"9.0";"5.56";"1.0";"5.56"
"jfree/chart/axis/SymbolAxis.java";"jfree.chart.axis.SymbolAxis";"262.0";"428.0";"0.61";"3.19";"0.19"
"jfree/chart/entity/CategoryLabelEntity.java";"jfree.chart.entity.CategoryLabelEntity";"72.0";"46.0";"1.57";"1.6";"0.98"
"jfree/chart/entity/package-info.java";"jfree.chart.entity.package-info";"3.0";"1.0";"3.0";"1.0";"3.0"
"jfree/data/time/TimePeriodFormatException.java";"jfree.data.time.TimePeriodFormatException";"43.0";"6.0";"7.17";"1.0";"7.17"
"jfree/chart/renderer/xy/XYBlockRenderer.java";"jfree.chart.renderer.xy.XYBlockRenderer";"228.0";"262.0";"0.87";"2.63";"0.33"
"jfree/chart/text/package-info.java";"jfree.chart.text.package-info";"3.0";"1.0";"3.0";"1.0";"3.0"
"jfree/chart/labels/SymbolicXYItemLabelGenerator.java";"jfree.chart.labels.SymbolicXYItemLabelGenerator";"87.0";"71.0";"1.23";"2.0";"0.61"
"jfree/chart/event/AnnotationChangeListener.java";"jfree.chart.event.AnnotationChangeListener";"44.0";"6.0";"7.33";"1.0";"7.33"
"jfree/chart/urls/StandardXYZURLGenerator.java";"jfree.chart.urls.StandardXYZURLGenerator";"51.0";"9.0";"5.67";"1.0";"5.67"
"jfree/chart/internal/Args.java";"jfree.chart.internal.Args";"80.0";"34.0";"2.35";"2.0";"1.18"
"jfree/chart/swing/editor/ChartEditor.java";"jfree.chart.swing.editor.ChartEditor";"46.0";"6.0";"7.67";"1.0";"7.67"
"jfree/chart/plot/compass/WindNeedle.java";"jfree.chart.plot.compass.WindNeedle";"65.0";"46.0";"1.41";"2.0";"0.71"
"jfree/data/xy/OHLCDataset.java";"jfree.data.xy.OHLCDataset";"136.0";"13.0";"10.46";"1.0";"10.46"
"jfree/chart/entity/TickLabelEntity.java";"jfree.chart.entity.TickLabelEntity";"47.0";"11.0";"4.27";"1.0";"4.27"
"jfree/chart/encoders/SunPNGEncoderAdapter.java";"jfree.chart.encoders.SunPNGEncoderAdapter";"81.0";"36.0";"2.25";"1.0";"2.25"
"jfree/chart/axis/CategoryLabelPositions.java";"jfree.chart.axis.CategoryLabelPositions";"169.0";"223.0";"0.76";"1.91";"0.4"
"jfree/chart/util/StringUtils.java";"jfree.chart.util.StringUtils";"62.0";"25.0";"2.48";"1.5";"1.65"
"jfree/chart/internal/ShapeUtils.java";"jfree.chart.internal.ShapeUtils";"227.0";"263.0";"0.86";"2.19";"0.39"
"jfree/chart/labels/IntervalCategoryToolTipGenerator.java";"jfree.chart.labels.IntervalCategoryToolTipGenerator";"77.0";"66.0";"1.17";"1.7";"0.69"
"jfree/chart/util/GradientPaintTransformType.java";"jfree.chart.util.GradientPaintTransformType";"33.0";"11.0";"3.0";"1.0";"3.0"
"jfree/chart/block/BorderArrangement.java";"jfree.chart.block.BorderArrangement";"130.0";"388.0";"0.34";"6.45";"0.05"
"jfree/chart/renderer/xy/XYStepAreaRenderer.java";"jfree.chart.renderer.xy.XYStepAreaRenderer";"272.0";"301.0";"0.9";"2.95";"0.31"
"jfree/chart/renderer/xy/DeviationRenderer.java";"jfree.chart.renderer.xy.DeviationRenderer";"174.0";"169.0";"1.03";"2.23";"0.46"
"jfree/data/xy/NormalizedMatrixSeries.java";"jfree.data.xy.NormalizedMatrixSeries";"96.0";"37.0";"2.59";"1.0";"2.59"
"jfree/data/json/impl/JSONStreamAware.java";"jfree.data.json.impl.JSONStreamAware";"40.0";"6.0";"6.67";"1.0";"6.67"
"jfree/chart/text/format/RelativeDateFormat.java";"jfree.chart.text.format.RelativeDateFormat";"272.0";"230.0";"1.18";"1.64";"0.72"
"jfree/chart/text/AttributedStringUtils.java";"jfree.chart.text.AttributedStringUtils";"45.0";"43.0";"1.05";"4.5";"0.23"
"jfree/data/json/JSONUtils.java";"jfree.data.json.JSONUtils";"85.0";"102.0";"0.83";"3.5";"0.24"
"jfree/chart/renderer/xy/XYErrorRenderer.java";"jfree.chart.renderer.xy.XYErrorRenderer";"204.0";"217.0";"0.94";"2.06";"0.46"
"jfree/chart/renderer/xy/XYDotRenderer.java";"jfree.chart.renderer.xy.XYDotRenderer";"167.0";"172.0";"0.97";"2.31";"0.42"
"jfree/chart/axis/CategoryLabelWidthType.java";"jfree.chart.axis.CategoryLabelWidthType";"40.0";"7.0";"5.71";"1.0";"5.71"
"jfree/chart/labels/package-info.java";"jfree.chart.labels.package-info";"3.0";"1.0";"3.0";"1.0";"3.0"
"jfree/chart/util/AttrStringUtils.java";"jfree.chart.util.AttrStringUtils";"117.0";"182.0";"0.64";"2.0";"0.32"
"jfree/chart/renderer/WaferMapRenderer.java";"jfree.chart.renderer.WaferMapRenderer";"145.0";"211.0";"0.69";"2.87";"0.24"
"jfree/chart/block/LineBorder.java";"jfree.chart.block.LineBorder";"96.0";"122.0";"0.79";"2.11";"0.37"
"jfree/data/xy/XYDataset.java";"jfree.data.xy.XYDataset";"97.0";"11.0";"8.82";"1.0";"8.82"
"jfree/chart/renderer/category/BoxAndWhiskerRenderer.java";"jfree.chart.renderer.category.BoxAndWhiskerRenderer";"419.0";"600.0";"0.7";"3.0";"0.23"
"jfree/chart/entity/StandardEntityCollection.java";"jfree.chart.entity.StandardEntityCollection";"104.0";"88.0";"1.18";"1.42";"0.83"
"jfree/chart/swing/editor/DefaultAxisEditor.java";"jfree.chart.swing.editor.DefaultAxisEditor";"222.0";"233.0";"0.95";"1.53";"0.62"
"jfree/chart/labels/StandardPieSectionLabelGenerator.java";"jfree.chart.labels.StandardPieSectionLabelGenerator";"145.0";"87.0";"1.67";"1.0";"1.67"
"jfree/chart/util/DefaultShadowGenerator.java";"jfree.chart.util.DefaultShadowGenerator";"126.0";"163.0";"0.77";"2.15";"0.36"
"jfree/chart/swing/PolarChartPanel.java";"jfree.chart.swing.PolarChartPanel";"99.0";"119.0";"0.83";"2.57";"0.32"
"jfree/chart/swing/editor/FontDisplayField.java";"jfree.chart.swing.editor.FontDisplayField";"57.0";"31.0";"1.84";"1.25";"1.47"
"jfree/chart/renderer/xy/HighLowRenderer.java";"jfree.chart.renderer.xy.HighLowRenderer";"206.0";"246.0";"0.84";"2.82";"0.3"
"jfree/data/Values.java";"jfree.data.Values";"54.0";"5.0";"10.8";"1.0";"10.8"
"jfree/chart/ChartColor.java";"jfree.chart.ChartColor";"79.0";"94.0";"0.84";"1.0";"0.84"
"jfree/chart/swing/editor/FontChooserPanel.java";"jfree.chart.swing.editor.FontChooserPanel";"69.0";"119.0";"0.58";"10.0";"0.06"
"jfree/chart/axis/ExtendedCategoryAxis.java";"jfree.chart.axis.ExtendedCategoryAxis";"124.0";"110.0";"1.13";"1.82";"0.62"
"jfree/chart/ChartHints.java";"jfree.chart.ChartHints";"68.0";"25.0";"2.72";"2.0";"1.36"
"jfree/data/xy/YIntervalSeriesCollection.java";"jfree.data.xy.YIntervalSeriesCollection";"199.0";"123.0";"1.62";"1.2";"1.35"
"jfree/chart/plot/CombinedDomainXYPlot.java";"jfree.chart.plot.CombinedDomainXYPlot";"300.0";"400.0";"0.75";"2.77";"0.27"
"jfree/chart/annotations/XYImageAnnotation.java";"jfree.chart.annotations.XYImageAnnotation";"138.0";"138.0";"1.0";"1.83";"0.55"
"jfree/data/time/ohlc/OHLCSeries.java";"jfree.data.time.ohlc.OHLCSeries";"89.0";"38.0";"2.34";"1.33";"1.76"
"jfree/data/xml/RootHandler.java";"jfree.data.xml.RootHandler";"75.0";"40.0";"1.88";"1.67";"1.13"
"jfree/chart/labels/FlowLabelGenerator.java";"jfree.chart.labels.FlowLabelGenerator";"48.0";"6.0";"8.0";"1.0";"8.0"
"jfree/chart/annotations/CategoryTextAnnotation.java";"jfree.chart.annotations.CategoryTextAnnotation";"123.0";"127.0";"0.97";"1.73";"0.56"
"jfree/chart/plot/dial/package-info.java";"jfree.chart.plot.dial.package-info";"3.0";"1.0";"3.0";"1.0";"3.0"
"jfree/chart/block/package-info.java";"jfree.chart.block.package-info";"3.0";"1.0";"3.0";"1.0";"3.0"
"jfree/chart/renderer/xy/XYItemRendererState.java";"jfree.chart.renderer.xy.XYItemRendererState";"145.0";"37.0";"3.92";"1.0";"3.92"
"jfree/chart/api/LengthAdjustmentType.java";"jfree.chart.api.LengthAdjustmentType";"41.0";"9.0";"4.56";"1.0";"4.56"
"jfree/chart/axis/NumberAxis.java";"jfree.chart.axis.NumberAxis";"430.0";"605.0";"0.71";"2.95";"0.24"
"jfree/chart/date/MonthConstants.java";"jfree.chart.date.MonthConstants";"50.0";"27.0";"1.85";"1.0";"1.85"
"jfree/data/xml/DatasetTags.java";"jfree.data.xml.DatasetTags";"48.0";"15.0";"3.2";"1.0";"3.2"
"jfree/chart/Drawable.java";"jfree.chart.Drawable";"37.0";"6.0";"6.17";"1.0";"6.17"
"jfree/chart/annotations/XYPolygonAnnotation.java";"jfree.chart.annotations.XYPolygonAnnotation";"150.0";"176.0";"0.85";"2.23";"0.38"
"jfree/data/general/SeriesChangeEvent.java";"jfree.data.general.SeriesChangeEvent";"49.0";"10.0";"4.9";"1.0";"4.9"
"jfree/chart/labels/CrosshairLabelGenerator.java";"jfree.chart.labels.CrosshairLabelGenerator";"45.0";"5.0";"9.0";"1.0";"9.0"
"jfree/data/general/PieDataset.java";"jfree.data.general.PieDataset";"44.0";"5.0";"8.8";"1.0";"8.8"
"jfree/data/time/TimePeriodValuesCollection.java";"jfree.data.time.TimePeriodValuesCollection";"204.0";"209.0";"0.98";"1.78";"0.55"
"jfree/data/general/DefaultPieDataset.java";"jfree.data.general.DefaultPieDataset";"196.0";"129.0";"1.52";"1.53";"1.0"
"jfree/chart/legend/LegendItemSource.java";"jfree.chart.legend.LegendItemSource";"45.0";"5.0";"9.0";"1.0";"9.0"
"jfree/data/KeyedObjects.java";"jfree.data.KeyedObjects";"166.0";"151.0";"1.1";"2.25";"0.49"
"jfree/data/gantt/SlidingGanttCategoryDataset.java";"jfree.data.gantt.SlidingGanttCategoryDataset";"335.0";"286.0";"1.17";"1.85";"0.63"
"jfree/chart/plot/pie/MultiplePiePlot.java";"jfree.chart.plot.pie.MultiplePiePlot";"220.0";"364.0";"0.6";"2.54";"0.24"
"jfree/chart/util/ShadowGenerator.java";"jfree.chart.util.ShadowGenerator";"61.0";"7.0";"8.71";"1.0";"8.71"
"jfree/chart/renderer/category/StatisticalBarRenderer.java";"jfree.chart.renderer.category.StatisticalBarRenderer";"186.0";"344.0";"0.54";"4.5";"0.12"
"jfree/chart/block/BlockBorder.java";"jfree.chart.block.BlockBorder";"113.0";"105.0";"1.08";"1.73";"0.62"
"jfree/chart/axis/Timeline.java";"jfree.chart.axis.Timeline";"122.0";"11.0";"11.09";"1.0";"11.09"
"jfree/chart/plot/dial/DialLayerChangeListener.java";"jfree.chart.plot.dial.DialLayerChangeListener";"46.0";"5.0";"9.2";"1.0";"9.2"
"jfree/data/general/ValueDataset.java";"jfree.data.general.ValueDataset";"43.0";"4.0";"10.75";"1.0";"10.75"
"jfree/data/xy/YIntervalSeries.java";"jfree.data.xy.YIntervalSeries";"124.0";"39.0";"3.18";"1.0";"3.18"
"jfree/data/xy/CategoryTableXYDataset.java";"jfree.data.xy.CategoryTableXYDataset";"241.0";"144.0";"1.67";"1.22";"1.37"
"jfree/data/KeyedValue.java";"jfree.data.KeyedValue";"46.0";"4.0";"11.5";"1.0";"11.5"
"jfree/chart/ChartElementVisitor.java";"jfree.chart.ChartElementVisitor";"43.0";"4.0";"10.75";"1.0";"10.75"
"jfree/chart/renderer/xy/XYShapeRenderer.java";"jfree.chart.renderer.xy.XYShapeRenderer";"292.0";"278.0";"1.05";"2.08";"0.5"
"jfree/chart/text/TextBox.java";"jfree.chart.text.TextBox";"174.0";"213.0";"0.82";"1.56";"0.52"
"jfree/chart/labels/PieToolTipGenerator.java";"jfree.chart.labels.PieToolTipGenerator";"49.0";"5.0";"9.8";"1.0";"9.8"
"jfree/chart/labels/StandardXYZToolTipGenerator.java";"jfree.chart.labels.StandardXYZToolTipGenerator";"122.0";"111.0";"1.1";"1.0";"1.1"
"jfree/chart/swing/DefaultSelectionZoomStrategy.java";"jfree.chart.swing.DefaultSelectionZoomStrategy";"83.0";"157.0";"0.53";"1.5";"0.35"
"jfree/data/function/PolynomialFunction2D.java";"jfree.data.function.PolynomialFunction2D";"79.0";"39.0";"2.03";"1.33";"1.52"
"jfree/chart/event/ChartChangeEvent.java";"jfree.chart.event.ChartChangeEvent";"81.0";"36.0";"2.25";"1.0";"2.25"
"jfree/chart/api/UnitType.java";"jfree.chart.api.UnitType";"39.0";"7.0";"5.57";"1.0";"5.57"
"jfree/data/KeyedValuesItemKey.java";"jfree.data.KeyedValuesItemKey";"58.0";"50.0";"1.16";"1.6";"0.72"
"jfree/chart/renderer/category/WaterfallBarRenderer.java";"jfree.chart.renderer.category.WaterfallBarRenderer";"169.0";"266.0";"0.64";"2.73";"0.23"
"jfree/chart/plot/package-info.java";"jfree.chart.plot.package-info";"3.0";"1.0";"3.0";"1.0";"3.0"
"jfree/chart/date/SerialDate.java";"jfree.chart.date.SerialDate";"501.0";"378.0";"1.33";"2.79";"0.48"
"jfree/data/xy/XYInterval.java";"jfree.data.xy.XYInterval";"85.0";"63.0";"1.35";"2.0";"0.67"
"jfree/chart/axis/DateAxis.java";"jfree.chart.axis.DateAxis";"608.0";"1072.0";"0.57";"3.02";"0.19"
"jfree/chart/plot/PlotRenderingInfo.java";"jfree.chart.plot.PlotRenderingInfo";"147.0";"121.0";"1.21";"1.67";"0.73"
"jfree/data/xml/CategoryDatasetHandler.java";"jfree.data.xml.CategoryDatasetHandler";"73.0";"49.0";"1.49";"1.8";"0.83"
"jfree/chart/encoders/package-info.java";"jfree.chart.encoders.package-info";"3.0";"1.0";"3.0";"1.0";"3.0"
"jfree/data/time/TimePeriod.java";"jfree.data.time.TimePeriod";"51.0";"6.0";"8.5";"1.0";"8.5"
"jfree/chart/plot/compass/MiddlePinNeedle.java";"jfree.chart.plot.compass.MiddlePinNeedle";"71.0";"62.0";"1.15";"2.25";"0.51"
"jfree/chart/plot/PlotState.java";"jfree.chart.plot.PlotState";"47.0";"15.0";"3.13";"1.0";"3.13"
"jfree/chart/renderer/xy/DefaultXYItemRenderer.java";"jfree.chart.renderer.xy.DefaultXYItemRenderer";"46.0";"7.0";"6.57";"1.0";"6.57"
"jfree/chart/swing/editor/DefaultNumberAxisEditor.java";"jfree.chart.swing.editor.DefaultNumberAxisEditor";"54.0";"97.0";"0.56";"1.71";"0.32"
"jfree/data/category/IntervalCategoryDataset.java";"jfree.data.category.IntervalCategoryDataset";"79.0";"8.0";"9.88";"1.0";"9.88"
"jfree/chart/swing/CrosshairOverlay.java";"jfree.chart.swing.CrosshairOverlay";"173.0";"400.0";"0.43";"4.15";"0.1"
"jfree/data/xml/CategorySeriesHandler.java";"jfree.data.xml.CategorySeriesHandler";"78.0";"59.0";"1.32";"1.8";"0.73"
"jfree/chart/labels/AbstractCategoryItemLabelGenerator.java";"jfree.chart.labels.AbstractCategoryItemLabelGenerator";"151.0";"137.0";"1.1";"1.85";"0.6"
"jfree/data/time/Second.java";"jfree.data.time.Second";"224.0";"203.0";"1.1";"1.9";"0.58"
"jfree/chart/block/BlockContainer.java";"jfree.chart.block.BlockContainer";"128.0";"129.0";"0.99";"1.73";"0.57"
"jfree/chart/renderer/category/GroupedStackedBarRenderer.java";"jfree.chart.renderer.category.GroupedStackedBarRenderer";"114.0";"220.0";"0.52";"4.57";"0.11"
"jfree/chart/urls/PieURLGenerator.java";"jfree.chart.urls.PieURLGenerator";"59.0";"5.0";"11.8";"1.0";"11.8"
"jfree/data/xy/DefaultXYDataset.java";"jfree.data.xy.DefaultXYDataset";"213.0";"148.0";"1.44";"1.93";"0.74"
"jfree/chart/renderer/xy/SamplingXYLineRenderer.java";"jfree.chart.renderer.xy.SamplingXYLineRenderer";"163.0";"177.0";"0.92";"2.33";"0.39"
"jfree/chart/renderer/category/GradientBarPainter.java";"jfree.chart.renderer.category.GradientBarPainter";"126.0";"218.0";"0.58";"3.44";"0.17"
"jfree/data/general/DatasetChangeEvent.java";"jfree.data.general.DatasetChangeEvent";"69.0";"11.0";"6.27";"1.0";"6.27"
"jfree/chart/block/LengthConstraintType.java";"jfree.chart.block.LengthConstraintType";"46.0";"9.0";"5.11";"1.0";"5.11"
"jfree/data/KeyedObject.java";"jfree.data.KeyedObject";"79.0";"59.0";"1.34";"1.71";"0.78"
"jfree/chart/plot/DialShape.java";"jfree.chart.plot.DialShape";"42.0";"9.0";"4.67";"1.0";"4.67"
"jfree/chart/block/EmptyBlock.java";"jfree.chart.block.EmptyBlock";"78.0";"34.0";"2.29";"1.0";"2.29"
"jfree/chart/renderer/DefaultPolarItemRenderer.java";"jfree.chart.renderer.DefaultPolarItemRenderer";"354.0";"493.0";"0.72";"2.29";"0.31"
"jfree/chart/api/TableOrder.java";"jfree.chart.api.TableOrder";"39.0";"7.0";"5.57";"1.0";"5.57"
"jfree/chart/axis/DateTickUnit.java";"jfree.chart.axis.DateTickUnit";"177.0";"144.0";"1.23";"1.88";"0.65"
"jfree/chart/block/AbstractBlock.java";"jfree.chart.block.AbstractBlock";"326.0";"264.0";"1.23";"1.45";"0.85"
"jfree/data/statistics/HistogramType.java";"jfree.data.statistics.HistogramType";"46.0";"9.0";"5.11";"1.0";"5.11"
"jfree/data/xy/MatrixSeriesCollection.java";"jfree.data.xy.MatrixSeriesCollection";"164.0";"110.0";"1.49";"1.38";"1.08"
"jfree/chart/plot/CrosshairState.java";"jfree.chart.plot.CrosshairState";"215.0";"114.0";"1.89";"1.42";"1.33"
"jfree/data/statistics/Statistics.java";"jfree.data.statistics.Statistics";"186.0";"234.0";"0.79";"3.54";"0.22"
"jfree/chart/axis/MonthDateFormat.java";"jfree.chart.axis.MonthDateFormat";"132.0";"101.0";"1.31";"1.9";"0.69"
"jfree/data/ComparableObjectSeries.java";"jfree.data.ComparableObjectSeries";"217.0";"213.0";"1.02";"2.33";"0.44"
"jfree/chart/renderer/AbstractRenderer.java";"jfree.chart.renderer.AbstractRenderer";"1539.0";"1278.0";"1.2";"1.96";"0.62"
"jfree/chart/annotations/XYDataImageAnnotation.java";"jfree.chart.annotations.XYDataImageAnnotation";"176.0";"160.0";"1.1";"1.75";"0.63"
"jfree/chart/swing/AbstractOverlay.java";"jfree.chart.swing.AbstractOverlay";"69.0";"33.0";"2.09";"1.4";"1.49"
"jfree/chart/ChartElement.java";"jfree.chart.ChartElement";"44.0";"4.0";"11.0";"1.0";"11.0"
"jfree/data/json/impl/JSONAware.java";"jfree.data.json.impl.JSONAware";"37.0";"4.0";"9.25";"1.0";"9.25"
"jfree/chart/urls/CustomPieURLGenerator.java";"jfree.chart.urls.CustomPieURLGenerator";"109.0";"97.0";"1.12";"2.5";"0.45"
"jfree/data/json/impl/JSONObject.java";"jfree.data.json.impl.JSONObject";"90.0";"85.0";"1.06";"2.0";"0.53"
"jfree/chart/plot/Pannable.java";"jfree.chart.plot.Pannable";"69.0";"11.0";"6.27";"1.0";"6.27"
"jfree/data/xy/XYItemKey.java";"jfree.data.xy.XYItemKey";"68.0";"72.0";"0.94";"1.63";"0.58"
"jfree/chart/axis/NumberTickUnit.java";"jfree.chart.axis.NumberTickUnit";"84.0";"57.0";"1.47";"1.57";"0.94"
"jfree/data/DefaultKeyedValues.java";"jfree.data.DefaultKeyedValues";"211.0";"206.0";"1.02";"1.91";"0.54"
"jfree/chart/event/MarkerChangeListener.java";"jfree.chart.event.MarkerChangeListener";"44.0";"6.0";"7.33";"1.0";"7.33"
"jfree/data/KeyedValueComparator.java";"jfree.data.KeyedValueComparator";"67.0";"86.0";"0.78";"4.5";"0.17"
"jfree/chart/plot/pie/PieLabelLinkStyle.java";"jfree.chart.plot.pie.PieLabelLinkStyle";"42.0";"9.0";"4.67";"1.0";"4.67"
"jfree/data/general/KeyedValuesDataset.java";"jfree.data.general.KeyedValuesDataset";"39.0";"4.0";"9.75";"1.0";"9.75"
"jfree/chart/plot/CategoryPlot.java";"jfree.chart.plot.CategoryPlot";"2110.0";"2445.0";"0.86";"2.45";"0.35"
"jfree/chart/renderer/Outlier.java";"jfree.chart.renderer.Outlier";"126.0";"71.0";"1.77";"1.55";"1.15"
"jfree/chart/util/package-info.java";"jfree.chart.util.package-info";"3.0";"1.0";"3.0";"1.0";"3.0"
"jfree/chart/api/RectangleAlignment.java";"jfree.chart.api.RectangleAlignment";"48.0";"92.0";"0.52";"13.0";"0.04"
"jfree/data/category/CategoryToPieDataset.java";"jfree.data.category.CategoryToPieDataset";"147.0";"159.0";"0.92";"3.25";"0.28"
"jfree/chart/ChartTheme.java";"jfree.chart.ChartTheme";"47.0";"4.0";"11.75";"1.0";"11.75"
"jfree/chart/plot/compass/PointerNeedle.java";"jfree.chart.plot.compass.PointerNeedle";"70.0";"71.0";"0.99";"2.75";"0.36"
"jfree/data/function/Function2D.java";"jfree.data.function.Function2D";"50.0";"4.0";"12.5";"1.0";"12.5"
"jfree/chart/swing/package-info.java";"jfree.chart.swing.package-info";"3.0";"1.0";"3.0";"1.0";"3.0"
"jfree/chart/plot/dial/ArcDialFrame.java";"jfree.chart.plot.dial.ArcDialFrame";"239.0";"231.0";"1.03";"1.44";"0.72"
"jfree/chart/axis/AxisState.java";"jfree.chart.axis.AxisState";"109.0";"69.0";"1.58";"1.31";"1.21"
"jfree/data/RangeType.java";"jfree.data.RangeType";"47.0";"9.0";"5.22";"1.0";"5.22"
"jfree/data/time/TimeSeries.java";"jfree.data.time.TimeSeries";"574.0";"610.0";"0.94";"2.57";"0.37"
"jfree/chart/swing/ChartMouseListener.java";"jfree.chart.swing.ChartMouseListener";"52.0";"7.0";"7.43";"1.0";"7.43"
"jfree/chart/axis/AxisSpace.java";"jfree.chart.axis.AxisSpace";"153.0";"194.0";"0.79";"2.26";"0.35"
"jfree/chart/renderer/category/MinMaxCategoryRenderer.java";"jfree.chart.renderer.category.MinMaxCategoryRenderer";"226.0";"276.0";"0.82";"2.16";"0.38"
"jfree/data/general/DatasetUtils.java";"jfree.data.general.DatasetUtils";"872.0";"1459.0";"0.6";"5.5";"0.11"
"jfree/chart/axis/ModuloAxis.java";"jfree.chart.axis.ModuloAxis";"187.0";"215.0";"0.87";"2.35";"0.37"
"jfree/chart/annotations/CategoryLineAnnotation.java";"jfree.chart.annotations.CategoryLineAnnotation";"192.0";"205.0";"0.94";"1.53";"0.61"
"jfree/chart/ChartUtils.java";"jfree.chart.ChartUtils";"395.0";"235.0";"1.68";"1.1";"1.52"
"jfree/data/ItemKey.java";"jfree.data.ItemKey";"43.0";"4.0";"10.75";"1.0";"10.75"
"jfree/chart/block/BlockFrame.java";"jfree.chart.block.BlockFrame";"51.0";"9.0";"5.67";"1.0";"5.67"
"jfree/chart/swing/editor/DefaultTitleEditor.java";"jfree.chart.swing.editor.DefaultTitleEditor";"98.0";"164.0";"0.6";"1.7";"0.35"
"jfree/chart/plot/PlotOrientation.java";"jfree.chart.plot.PlotOrientation";"54.0";"13.0";"4.15";"1.0";"4.15"
"jfree/chart/renderer/xy/GradientXYBarPainter.java";"jfree.chart.renderer.xy.GradientXYBarPainter";"125.0";"217.0";"0.58";"3.44";"0.17"
"jfree/data/statistics/BoxAndWhiskerCategoryDataset.java";"jfree.data.statistics.BoxAndWhiskerCategoryDataset";"194.0";"24.0";"8.08";"1.0";"8.08"
"jfree/data/general/DefaultKeyedValuesDataset.java";"jfree.data.general.DefaultKeyedValuesDataset";"41.0";"6.0";"6.83";"1.0";"6.83"
"jfree/chart/plot/PolarAxisLocation.java";"jfree.chart.plot.PolarAxisLocation";"51.0";"19.0";"2.68";"1.0";"2.68"
"jfree/data/statistics/SimpleHistogramDataset.java";"jfree.data.statistics.SimpleHistogramDataset";"264.0";"191.0";"1.38";"1.5";"0.92"
"jfree/chart/annotations/XYAnnotationBoundsInfo.java";"jfree.chart.annotations.XYAnnotationBoundsInfo";"57.0";"7.0";"8.14";"1.0";"8.14"
"jfree/chart/util/StandardGradientPaintTransformer.java";"jfree.chart.util.StandardGradientPaintTransformer";"77.0";"81.0";"0.95";"2.14";"0.44"
"jfree/chart/renderer/xy/XYAreaRenderer2.java";"jfree.chart.renderer.xy.XYAreaRenderer2";"159.0";"236.0";"0.67";"2.67";"0.25"
"jfree/data/xy/XYBarDataset.java";"jfree.data.xy.XYBarDataset";"230.0";"127.0";"1.81";"1.32";"1.37"
"jfree/data/statistics/MeanAndStandardDeviation.java";"jfree.data.statistics.MeanAndStandardDeviation";"99.0";"68.0";"1.46";"1.67";"0.87"
"jfree/chart/StandardChartTheme.java";"jfree.chart.StandardChartTheme";"697.0";"972.0";"0.72";"2.12";"0.34"
"jfree/data/general/KeyedValues2DDataset.java";"jfree.data.general.KeyedValues2DDataset";"43.0";"4.0";"10.75";"1.0";"10.75"
"jfree/chart/legend/LegendItemCollection.java";"jfree.chart.legend.LegendItemCollection";"86.0";"58.0";"1.48";"1.33";"1.11"
"jfree/data/category/SlidingCategoryDataset.java";"jfree.data.category.SlidingCategoryDataset";"197.0";"155.0";"1.27";"1.7";"0.75"
"jfree/chart/plot/MeterInterval.java";"jfree.chart.plot.MeterInterval";"109.0";"95.0";"1.15";"1.7";"0.67"
"jfree/chart/plot/IntervalMarker.java";"jfree.chart.plot.IntervalMarker";"115.0";"86.0";"1.34";"1.55";"0.87"
"jfree/data/xy/IntervalXYZDataset.java";"jfree.data.xy.IntervalXYZDataset";"87.0";"10.0";"8.7";"1.0";"8.7"
"jfree/data/json/impl/JSONArray.java";"jfree.data.json.impl.JSONArray";"72.0";"72.0";"1.0";"2.6";"0.38"
"jfree/chart/axis/MarkerAxisBand.java";"jfree.chart.axis.MarkerAxisBand";"109.0";"141.0";"0.77";"2.57";"0.3"
"jfree/chart/labels/PieSectionLabelGenerator.java";"jfree.chart.labels.PieSectionLabelGenerator";"74.0";"11.0";"6.73";"1.0";"6.73"
"jfree/chart/renderer/xy/CandlestickRenderer.java";"jfree.chart.renderer.xy.CandlestickRenderer";"390.0";"440.0";"0.89";"2.57";"0.35"
"jfree/chart/labels/StandardCategoryToolTipGenerator.java";"jfree.chart.labels.StandardCategoryToolTipGenerator";"76.0";"45.0";"1.69";"1.22";"1.38"
"jfree/chart/encoders/SunJPEGEncoderAdapter.java";"jfree.chart.encoders.SunJPEGEncoderAdapter";"97.0";"60.0";"1.62";"1.14";"1.41"
"jfree/chart/axis/AxisLocation.java";"jfree.chart.axis.AxisLocation";"55.0";"30.0";"1.83";"3.0";"0.61"
"jfree/data/xy/YInterval.java";"jfree.data.xy.YInterval";"71.0";"44.0";"1.61";"2.0";"0.81"
"jfree/chart/axis/NumberTick.java";"jfree.chart.axis.NumberTick";"65.0";"20.0";"3.25";"1.0";"3.25"
"jfree/chart/internal/SerialUtils.java";"jfree.chart.internal.SerialUtils";"221.0";"418.0";"0.53";"3.89";"0.14"
"jfree/chart/swing/SelectionZoomStrategy.java";"jfree.chart.swing.SelectionZoomStrategy";"136.0";"24.0";"5.67";"1.0";"5.67"
"jfree/data/resources/DataPackageResources_es.java";"jfree.data.resources.DataPackageResources_es";"50.0";"13.0";"3.85";"1.0";"3.85"
"jfree/chart/plot/Marker.java";"jfree.chart.plot.Marker";"335.0";"283.0";"1.18";"1.5";"0.79"
"jfree/data/json/impl/package-info.java";"jfree.data.json.impl.package-info";"3.0";"1.0";"3.0";"1.0";"3.0"
"jfree/data/general/DatasetChangeListener.java";"jfree.data.general.DatasetChangeListener";"52.0";"5.0";"10.4";"1.0";"10.4"
"jfree/chart/entity/LegendItemEntity.java";"jfree.chart.entity.LegendItemEntity";"98.0";"60.0";"1.63";"1.63";"1.01"
"jfree/data/xy/DefaultIntervalXYDataset.java";"jfree.data.xy.DefaultIntervalXYDataset";"330.0";"197.0";"1.68";"1.7";"0.99"
"jfree/chart/axis/CategoryAnchor.java";"jfree.chart.axis.CategoryAnchor";"42.0";"9.0";"4.67";"1.0";"4.67"
"jfree/chart/text/TextMeasurer.java";"jfree.chart.text.TextMeasurer";"40.0";"4.0";"10.0";"1.0";"10.0"
"jfree/chart/plot/Plot.java";"jfree.chart.plot.Plot";"668.0";"683.0";"0.98";"2.27";"0.43"
"jfree/chart/labels/StandardXYItemLabelGenerator.java";"jfree.chart.labels.StandardXYItemLabelGenerator";"115.0";"60.0";"1.92";"1.0";"1.92"
"jfree/data/time/RegularTimePeriod.java";"jfree.data.time.RegularTimePeriod";"251.0";"110.0";"2.28";"2.09";"1.09"
"jfree/chart/urls/XYZURLGenerator.java";"jfree.chart.urls.XYZURLGenerator";"56.0";"5.0";"11.2";"1.0";"11.2"
"jfree/chart/plot/dial/DialValueIndicator.java";"jfree.chart.plot.dial.DialValueIndicator";"363.0";"342.0";"1.06";"1.5";"0.71"
"jfree/chart/event/ChartChangeListener.java";"jfree.chart.event.ChartChangeListener";"47.0";"5.0";"9.4";"1.0";"9.4"
"jfree/chart/renderer/xy/XYItemRenderer.java";"jfree.chart.renderer.xy.XYItemRenderer";"1158.0";"169.0";"6.85";"1.0";"6.85"
"jfree/chart/text/TextFragment.java";"jfree.chart.text.TextFragment";"142.0";"132.0";"1.08";"1.67";"0.65"
"jfree/chart/renderer/category/LayeredBarRenderer.java";"jfree.chart.renderer.category.LayeredBarRenderer";"147.0";"293.0";"0.5";"6.11";"0.08"
"jfree/chart/axis/CategoryLabelPosition.java";"jfree.chart.axis.CategoryLabelPosition";"130.0";"105.0";"1.24";"1.67";"0.74"
"jfree/chart/axis/DateTickUnitType.java";"jfree.chart.axis.DateTickUnitType";"56.0";"26.0";"2.15";"1.0";"2.15"
"jfree/chart/block/BlockParams.java";"jfree.chart.block.BlockParams";"95.0";"30.0";"3.17";"1.0";"3.17"
"jfree/data/general/DefaultValueDataset.java";"jfree.data.general.DefaultValueDataset";"86.0";"44.0";"1.95";"1.29";"1.52"
"jfree/chart/api/RectangleEdge.java";"jfree.chart.api.RectangleEdge";"65.0";"46.0";"1.41";"3.0";"0.47"
"jfree/chart/swing/editor/ChartEditorManager.java";"jfree.chart.swing.editor.ChartEditorManager";"63.0";"19.0";"3.32";"1.0";"3.32"
"jfree/data/Range.java";"jfree.data.Range";"229.0";"199.0";"1.15";"2.17";"0.53"
"jfree/chart/api/XYCoordinateType.java";"jfree.chart.api.XYCoordinateType";"47.0";"7.0";"6.71";"1.0";"6.71"
"jfree/data/KeyedValues2D.java";"jfree.data.KeyedValues2D";"91.0";"12.0";"7.58";"1.0";"7.58"
"jfree/chart/legend/LegendGraphic.java";"jfree.chart.legend.LegendGraphic";"349.0";"343.0";"1.02";"1.89";"0.54"
"jfree/chart/labels/StandardXYSeriesLabelGenerator.java";"jfree.chart.labels.StandardXYSeriesLabelGenerator";"93.0";"61.0";"1.52";"1.0";"1.52"
"jfree/chart/axis/AxisLabelLocation.java";"jfree.chart.axis.AxisLabelLocation";"41.0";"9.0";"4.56";"1.0";"4.56"
"jfree/data/time/Year.java";"jfree.data.time.Year";"227.0";"145.0";"1.57";"1.37";"1.14"
"jfree/data/xy/VectorSeries.java";"jfree.data.xy.VectorSeries";"118.0";"44.0";"2.68";"1.0";"2.68"
"jfree/chart/swing/editor/DefaultLogAxisEditor.java";"jfree.chart.swing.editor.DefaultLogAxisEditor";"66.0";"82.0";"0.8";"1.71";"0.47"
"jfree/data/Values2D.java";"jfree.data.Values2D";"63.0";"6.0";"10.5";"1.0";"10.5"
"jfree/data/time/TimeSeriesCollection.java";"jfree.data.time.TimeSeriesCollection";"340.0";"326.0";"1.04";"1.82";"0.57"
"jfree/chart/renderer/xy/StandardXYBarPainter.java";"jfree.chart.renderer.xy.StandardXYBarPainter";"96.0";"106.0";"0.91";"3.5";"0.26"
"jfree/chart/axis/TickUnits.java";"jfree.chart.axis.TickUnits";"123.0";"74.0";"1.66";"1.56";"1.07"
"jfree/chart/renderer/xy/XYBubbleRenderer.java";"jfree.chart.renderer.xy.XYBubbleRenderer";"119.0";"194.0";"0.61";"4.14";"0.15"
"jfree/data/general/Series.java";"jfree.data.general.Series";"142.0";"83.0";"1.71";"1.58";"1.08"
"jfree/chart/labels/CategorySeriesLabelGenerator.java";"jfree.chart.labels.CategorySeriesLabelGenerator";"51.0";"5.0";"10.2";"1.0";"10.2"
"jfree/chart/axis/AxisCollection.java";"jfree.chart.axis.AxisCollection";"78.0";"53.0";"1.47";"1.67";"0.88"
"jfree/chart/labels/XYZToolTipGenerator.java";"jfree.chart.labels.XYZToolTipGenerator";"48.0";"5.0";"9.6";"1.0";"9.6"
"jfree/data/xy/XIntervalDataItem.java";"jfree.data.xy.XIntervalDataItem";"70.0";"34.0";"2.06";"1.6";"1.29"
"jfree/data/xy/DefaultOHLCDataset.java";"jfree.data.xy.DefaultOHLCDataset";"192.0";"130.0";"1.48";"1.45";"1.02"
"jfree/chart/annotations/AbstractAnnotation.java";"jfree.chart.annotations.AbstractAnnotation";"130.0";"69.0";"1.88";"1.36";"1.38"
"jfree/data/xy/MatrixSeries.java";"jfree.data.xy.MatrixSeries";"125.0";"77.0";"1.62";"1.82";"0.89"
"jfree/chart/plot/CategoryCrosshairState.java";"jfree.chart.plot.CategoryCrosshairState";"93.0";"64.0";"1.45";"1.86";"0.78"
"jfree/chart/renderer/OutlierList.java";"jfree.chart.renderer.OutlierList";"107.0";"51.0";"2.1";"1.22";"1.72"
"jfree/chart/annotations/XYTitleAnnotation.java";"jfree.chart.annotations.XYTitleAnnotation";"147.0";"219.0";"0.67";"2.4";"0.28"
"jfree/chart/renderer/xy/ClusteredXYBarRenderer.java";"jfree.chart.renderer.xy.ClusteredXYBarRenderer";"131.0";"202.0";"0.65";"4.13";"0.16"
"jfree/chart/swing/ChartMouseEvent.java";"jfree.chart.swing.ChartMouseEvent";"68.0";"32.0";"2.13";"1.0";"2.13"
"jfree/chart/renderer/category/CategoryItemRenderer.java";"jfree.chart.renderer.category.CategoryItemRenderer";"1269.0";"170.0";"7.46";"1.0";"7.46"
"jfree/data/flow/FlowDataset.java";"jfree.data.flow.FlowDataset";"109.0";"14.0";"7.79";"1.0";"7.79"
"jfree/data/time/TimeSeriesTableModel.java";"jfree.data.time.TimeSeriesTableModel";"113.0";"131.0";"0.86";"2.36";"0.36"
"jfree/chart/block/Block.java";"jfree.chart.block.Block";"88.0";"13.0";"6.77";"1.0";"6.77"
"jfree/chart/date/package-info.java";"jfree.chart.date.package-info";"3.0";"1.0";"3.0";"1.0";"3.0"
"jfree/data/KeyToGroupMap.java";"jfree.data.KeyToGroupMap";"126.0";"166.0";"0.76";"2.62";"0.29"
"jfree/chart/annotations/CategoryAnnotation.java";"jfree.chart.annotations.CategoryAnnotation";"50.0";"10.0";"5.0";"1.0";"5.0"
"jfree/data/xy/YIntervalDataItem.java";"jfree.data.xy.YIntervalDataItem";"66.0";"37.0";"1.78";"1.6";"1.11"
"jfree/data/general/HeatMapUtils.java";"jfree.data.general.HeatMapUtils";"69.0";"50.0";"1.38";"2.33";"0.59"
"jfree/data/xml/PieDatasetHandler.java";"jfree.data.xml.PieDatasetHandler";"76.0";"46.0";"1.65";"1.8";"0.92"
"jfree/chart/annotations/XYTextAnnotation.java";"jfree.chart.annotations.XYTextAnnotation";"301.0";"296.0";"1.02";"1.58";"0.64"
"jfree/data/xy/XYIntervalSeries.java";"jfree.data.xy.XYIntervalSeries";"140.0";"49.0";"2.86";"1.0";"2.86"
"jfree/data/time/Minute.java";"jfree.data.time.Minute";"242.0";"215.0";"1.13";"1.64";"0.69"
"jfree/chart/plot/compass/ShipNeedle.java";"jfree.chart.plot.compass.ShipNeedle";"70.0";"50.0";"1.4";"2.0";"0.7"
"jfree/chart/labels/XYToolTipGenerator.java";"jfree.chart.labels.XYToolTipGenerator";"48.0";"5.0";"9.6";"1.0";"9.6"
"jfree/chart/labels/ItemLabelAnchor.java";"jfree.chart.labels.ItemLabelAnchor";"64.0";"53.0";"1.21";"1.0";"1.21"
"jfree/chart/plot/DatasetRenderingOrder.java";"jfree.chart.plot.DatasetRenderingOrder";"55.0";"5.0";"11.0";"1.0";"11.0"
"jfree/chart/axis/package-info.java";"jfree.chart.axis.package-info";"3.0";"1.0";"3.0";"1.0";"3.0"
"jfree/data/statistics/HistogramBin.java";"jfree.data.statistics.HistogramBin";"94.0";"66.0";"1.42";"1.44";"0.99"
"jfree/chart/event/AnnotationChangeEvent.java";"jfree.chart.event.AnnotationChangeEvent";"52.0";"15.0";"3.47";"1.0";"3.47"
"jfree/chart/renderer/xy/StackedXYBarRenderer.java";"jfree.chart.renderer.xy.StackedXYBarRenderer";"150.0";"226.0";"0.66";"4.2";"0.16"
"jfree/chart/internal/PaintUtils.java";"jfree.chart.internal.PaintUtils";"84.0";"117.0";"0.72";"4.0";"0.18"
"jfree/chart/swing/editor/StrokeChooserPanel.java";"jfree.chart.swing.editor.StrokeChooserPanel";"53.0";"31.0";"1.71";"1.33";"1.28"
"jfree/data/time/ohlc/OHLC.java";"jfree.data.time.ohlc.OHLC";"85.0";"63.0";"1.35";"1.86";"0.73"
"jfree/chart/plot/compass/PinNeedle.java";"jfree.chart.plot.compass.PinNeedle";"71.0";"60.0";"1.18";"2.25";"0.53"
"jfree/chart/swing/OverlayChangeEvent.java";"jfree.chart.swing.OverlayChangeEvent";"44.0";"7.0";"6.29";"1.0";"6.29"
"jfree/chart/urls/XYURLGenerator.java";"jfree.chart.urls.XYURLGenerator";"61.0";"5.0";"12.2";"1.0";"12.2"
"jfree/chart/legend/package-info.java";"jfree.chart.legend.package-info";"3.0";"1.0";"3.0";"1.0";"3.0"
"jfree/chart/plot/pie/package-info.java";"jfree.chart.plot.pie.package-info";"3.0";"1.0";"3.0";"1.0";"3.0"
"jfree/chart/labels/IntervalXYItemLabelGenerator.java";"jfree.chart.labels.IntervalXYItemLabelGenerator";"119.0";"129.0";"0.92";"1.25";"0.74"
"jfree/chart/text/G2TextMeasurer.java";"jfree.chart.text.G2TextMeasurer";"45.0";"19.0";"2.37";"1.0";"2.37"
"jfree/chart/plot/RingPlot.java";"jfree.chart.plot.RingPlot";"302.0";"337.0";"0.9";"2.07";"0.43"
"jfree/chart/ChartTransferable.java";"jfree.chart.ChartTransferable";"130.0";"106.0";"1.23";"1.86";"0.66"
"jfree/chart/api/Layer.java";"jfree.chart.api.Layer";"32.0";"7.0";"4.57";"1.0";"4.57"
"jfree/data/category/DefaultCategoryDataset.java";"jfree.data.category.DefaultCategoryDataset";"266.0";"148.0";"1.8";"1.4";"1.28"
"jfree/chart/entity/PlotEntity.java";"jfree.chart.entity.PlotEntity";"111.0";"81.0";"1.37";"1.6";"0.86"
"jfree/chart/renderer/xy/VectorRenderer.java";"jfree.chart.renderer.xy.VectorRenderer";"108.0";"209.0";"0.52";"5.0";"0.1"
"jfree/chart/block/BlockResult.java";"jfree.chart.block.BlockResult";"57.0";"16.0";"3.56";"1.0";"3.56"
"jfree/data/time/ohlc/OHLCSeriesCollection.java";"jfree.data.time.ohlc.OHLCSeriesCollection";"268.0";"188.0";"1.43";"1.43";"1.0"
"jfree/data/xml/ItemHandler.java";"jfree.data.xml.ItemHandler";"89.0";"66.0";"1.35";"1.57";"0.86"
"jfree/data/xy/OHLCDataItem.java";"jfree.data.xy.OHLCDataItem";"105.0";"84.0";"1.25";"1.89";"0.66"
"jfree/chart/annotations/XYDrawableAnnotation.java";"jfree.chart.annotations.XYDrawableAnnotation";"128.0";"150.0";"0.85";"1.91";"0.45"
"jfree/data/xy/YisSymbolic.java";"jfree.data.xy.YisSymbolic";"67.0";"6.0";"11.17";"1.0";"11.17"
"jfree/chart/event/AxisChangeEvent.java";"jfree.chart.event.AxisChangeEvent";"51.0";"13.0";"3.92";"1.0";"3.92"
"jfree/chart/encoders/ImageEncoder.java";"jfree.chart.encoders.ImageEncoder";"82.0";"13.0";"6.31";"1.0";"6.31"
"jfree/data/category/CategoryRangeInfo.java";"jfree.data.category.CategoryRangeInfo";"55.0";"7.0";"7.86";"1.0";"7.86"
"jfree/chart/plot/compass/MeterNeedle.java";"jfree.chart.plot.compass.MeterNeedle";"198.0";"187.0";"1.06";"1.6";"0.66"
"jfree/chart/swing/editor/StrokeSample.java";"jfree.chart.swing.editor.StrokeSample";"74.0";"74.0";"1.0";"1.33";"0.75"
"jfree/chart/labels/IntervalCategoryItemLabelGenerator.java";"jfree.chart.labels.IntervalCategoryItemLabelGenerator";"68.0";"56.0";"1.21";"1.63";"0.75"
"jfree/chart/plot/dial/DialPointer.java";"jfree.chart.plot.dial.DialPointer";"283.0";"286.0";"0.99";"2.08";"0.47"
"jfree/chart/annotations/AbstractXYAnnotation.java";"jfree.chart.annotations.AbstractXYAnnotation";"109.0";"79.0";"1.38";"2.0";"0.69"
"jfree/chart/renderer/xy/DeviationStepRenderer.java";"jfree.chart.renderer.xy.DeviationStepRenderer";"109.0";"173.0";"0.63";"6.2";"0.1"
"jfree/chart/event/ChartProgressEvent.java";"jfree.chart.event.ChartProgressEvent";"80.0";"38.0";"2.11";"1.0";"2.11"
"jfree/chart/labels/MultipleXYSeriesLabelGenerator.java";"jfree.chart.labels.MultipleXYSeriesLabelGenerator";"100.0";"117.0";"0.85";"1.22";"0.7"
"jfree/data/DefaultKeyedValues2D.java";"jfree.data.DefaultKeyedValues2D";"252.0";"260.0";"0.97";"2.39";"0.41"
"jfree/data/xy/VectorDataItem.java";"jfree.data.xy.VectorDataItem";"81.0";"36.0";"2.25";"1.33";"1.69"
"jfree/data/ComparableObjectItem.java";"jfree.data.ComparableObjectItem";"97.0";"59.0";"1.64";"1.5";"1.1"
"jfree/data/xy/XYIntervalDataItem.java";"jfree.data.xy.XYIntervalDataItem";"78.0";"56.0";"1.39";"1.71";"0.81"
"jfree/data/statistics/MultiValueCategoryDataset.java";"jfree.data.statistics.MultiValueCategoryDataset";"58.0";"8.0";"7.25";"1.0";"7.25"
"jfree/chart/renderer/category/GanttRenderer.java";"jfree.chart.renderer.category.GanttRenderer";"205.0";"354.0";"0.58";"3.44";"0.17"
"jfree/data/xml/ValueHandler.java";"jfree.data.xml.ValueHandler";"87.0";"63.0";"1.38";"1.67";"0.83"
"jfree/chart/internal/package-info.java";"jfree.chart.internal.package-info";"3.0";"1.0";"3.0";"1.0";"3.0"
"jfree/chart/axis/CategoryTick.java";"jfree.chart.axis.CategoryTick";"77.0";"58.0";"1.33";"1.83";"0.72"
"jfree/data/statistics/Regression.java";"jfree.data.statistics.Regression";"107.0";"223.0";"0.48";"6.0";"0.08"
"jfree/chart/block/RectangleConstraint.java";"jfree.chart.block.RectangleConstraint";"171.0";"154.0";"1.11";"1.74";"0.64"
"jfree/chart/title/Title.java";"jfree.chart.title.Title";"216.0";"190.0";"1.14";"1.64";"0.69"
"jfree/chart/entity/TitleEntity.java";"jfree.chart.entity.TitleEntity";"111.0";"81.0";"1.37";"1.6";"0.86"
"jfree/data/time/MovingAverage.java";"jfree.data.time.MovingAverage";"131.0";"165.0";"0.79";"5.33";"0.15"
"jfree/chart/axis/CyclicNumberAxis.java";"jfree.chart.axis.CyclicNumberAxis";"395.0";"663.0";"0.6";"3.0";"0.2"
"jfree/chart/entity/XYAnnotationEntity.java";"jfree.chart.entity.XYAnnotationEntity";"66.0";"37.0";"1.78";"2.0";"0.89"
"jfree/chart/renderer/xy/package-info.java";"jfree.chart.renderer.xy.package-info";"3.0";"1.0";"3.0";"1.0";"3.0"
"jfree/chart/renderer/LookupPaintScale.java";"jfree.chart.renderer.LookupPaintScale";"165.0";"187.0";"0.88";"2.83";"0.31"
"jfree/chart/imagemap/OverLIBToolTipTagFragmentGenerator.java";"jfree.chart.imagemap.OverLIBToolTipTagFragmentGenerator";"56.0";"13.0";"4.31";"1.0";"4.31"
"jfree/data/time/TimeTableXYDataset.java";"jfree.data.time.TimeTableXYDataset";"331.0";"231.0";"1.43";"1.52";"0.95"
"jfree/chart/axis/ValueAxis.java";"jfree.chart.axis.ValueAxis";"756.0";"786.0";"0.96";"2.33";"0.41"
"jfree/chart/entity/PieSectionEntity.java";"jfree.chart.entity.PieSectionEntity";"130.0";"86.0";"1.51";"1.5";"1.01"
"jfree/chart/encoders/EncoderUtil.java";"jfree.chart.encoders.EncoderUtil";"125.0";"53.0";"2.36";"1.0";"2.36"
"jfree/chart/title/CompositeTitle.java";"jfree.chart.title.CompositeTitle";"126.0";"99.0";"1.27";"1.38";"0.92"
"jfree/data/time/Day.java";"jfree.data.time.Day";"248.0";"194.0";"1.28";"1.29";"0.99"
"jfree/chart/renderer/xy/XYBoxAndWhiskerRenderer.java";"jfree.chart.renderer.xy.XYBoxAndWhiskerRenderer";"301.0";"438.0";"0.69";"2.83";"0.24"
"jfree/data/xml/KeyHandler.java";"jfree.data.xml.KeyHandler";"88.0";"57.0";"1.54";"1.5";"1.03"
"jfree/chart/axis/DateTick.java";"jfree.chart.axis.DateTick";"78.0";"43.0";"1.81";"1.6";"1.13"
"jfree/chart/labels/CategoryToolTipGenerator.java";"jfree.chart.labels.CategoryToolTipGenerator";"56.0";"5.0";"11.2";"1.0";"11.2"
"jfree/data/statistics/StatisticalCategoryDataset.java";"jfree.data.statistics.StatisticalCategoryDataset";"71.0";"9.0";"7.89";"1.0";"7.89"
"jfree/chart/labels/StandardCrosshairLabelGenerator.java";"jfree.chart.labels.StandardCrosshairLabelGenerator";"80.0";"59.0";"1.36";"1.0";"1.36"
"jfree/data/general/DefaultKeyedValueDataset.java";"jfree.data.general.DefaultKeyedValueDataset";"103.0";"80.0";"1.29";"1.9";"0.68"
"jfree/data/xy/TableXYDataset.java";"jfree.data.xy.TableXYDataset";"53.0";"4.0";"13.25";"1.0";"13.25"
"jfree/chart/legend/PaintScaleLegend.java";"jfree.chart.legend.PaintScaleLegend";"271.0";"400.0";"0.68";"2.41";"0.28"
"jfree/data/time/TimeSeriesDataItem.java";"jfree.data.time.TimeSeriesDataItem";"125.0";"69.0";"1.81";"1.44";"1.25"
"jfree/chart/labels/CategoryItemLabelGenerator.java";"jfree.chart.labels.CategoryItemLabelGenerator";"70.0";"7.0";"10.0";"1.0";"10.0"
"jfree/chart/annotations/Annotation.java";"jfree.chart.annotations.Annotation";"50.0";"7.0";"7.14";"1.0";"7.14"
"jfree/chart/swing/ApplicationFrame.java";"jfree.chart.swing.ApplicationFrame";"79.0";"35.0";"2.26";"1.13";"2.01"
"jfree/chart/axis/TickUnit.java";"jfree.chart.axis.TickUnit";"103.0";"66.0";"1.56";"1.88";"0.83"
"jfree/chart/labels/StandardXYToolTipGenerator.java";"jfree.chart.labels.StandardXYToolTipGenerator";"115.0";"61.0";"1.89";"1.0";"1.89"
"jfree/chart/swing/MouseWheelHandler.java";"jfree.chart.swing.MouseWheelHandler";"75.0";"67.0";"1.12";"2.4";"0.47"
"jfree/chart/event/ChartProgressListener.java";"jfree.chart.event.ChartProgressListener";"44.0";"5.0";"8.8";"1.0";"8.8"
"jfree/data/xy/IntervalXYDataset.java";"jfree.data.xy.IntervalXYDataset";"126.0";"11.0";"11.45";"1.0";"11.45"
"jfree/data/xy/YWithXInterval.java";"jfree.data.xy.YWithXInterval";"75.0";"44.0";"1.7";"2.0";"0.85"
"jfree/chart/plot/dial/StandardDialRange.java";"jfree.chart.plot.dial.StandardDialRange";"210.0";"185.0";"1.14";"1.59";"0.71"
"jfree/chart/renderer/OutlierListCollection.java";"jfree.chart.renderer.OutlierListCollection";"108.0";"50.0";"2.16";"1.5";"1.44"
"jfree/chart/api/RectangleAnchor.java";"jfree.chart.api.RectangleAnchor";"57.0";"104.0";"0.55";"10.0";"0.05"
"jfree/chart/legend/LegendTitle.java";"jfree.chart.legend.LegendTitle";"270.0";"359.0";"0.75";"1.83";"0.41"
"jfree/data/KeyedObjects2D.java";"jfree.data.KeyedObjects2D";"218.0";"248.0";"0.88";"2.55";"0.35"
"jfree/chart/urls/StandardPieURLGenerator.java";"jfree.chart.urls.StandardPieURLGenerator";"82.0";"74.0";"1.11";"2.17";"0.51"
"jfree/chart/entity/XYItemEntity.java";"jfree.chart.entity.XYItemEntity";"97.0";"60.0";"1.62";"1.44";"1.12"
"jfree/data/xy/XYRangeInfo.java";"jfree.data.xy.XYRangeInfo";"50.0";"6.0";"8.33";"1.0";"8.33"
"jfree/chart/event/ChartProgressEventType.java";"jfree.chart.event.ChartProgressEventType";"40.0";"7.0";"5.71";"1.0";"5.71"
"jfree/data/xy/AbstractXYZDataset.java";"jfree.data.xy.AbstractXYZDataset";"47.0";"13.0";"3.62";"2.0";"1.81"
"jfree/data/flow/NodeKey.java";"jfree.data.flow.NodeKey";"84.0";"58.0";"1.45";"1.71";"0.84"
"jfree/chart/labels/BoxAndWhiskerToolTipGenerator.java";"jfree.chart.labels.BoxAndWhiskerToolTipGenerator";"81.0";"54.0";"1.5";"1.27";"1.18"
"jfree/chart/plot/flow/FlowPlot.java";"jfree.chart.plot.flow.FlowPlot";"300.0";"462.0";"0.65";"2.59";"0.25"
"jfree/data/xy/Vector.java";"jfree.data.xy.Vector";"87.0";"50.0";"1.74";"1.57";"1.11"
"jfree/chart/plot/FastScatterPlot.java";"jfree.chart.plot.FastScatterPlot";"467.0";"523.0";"0.89";"1.94";"0.46"
"jfree/chart/renderer/category/CategoryStepRenderer.java";"jfree.chart.renderer.category.CategoryStepRenderer";"154.0";"176.0";"0.88";"2.9";"0.3"
"jfree/chart/renderer/GrayPaintScale.java";"jfree.chart.renderer.GrayPaintScale";"121.0";"84.0";"1.44";"1.7";"0.85"
"jfree/chart/annotations/TextAnnotation.java";"jfree.chart.annotations.TextAnnotation";"177.0";"149.0";"1.19";"1.47";"0.81"
"jfree/chart/renderer/xy/StandardXYItemRenderer.java";"jfree.chart.renderer.xy.StandardXYItemRenderer";"436.0";"482.0";"0.9";"2.63";"0.34"
"jfree/chart/swing/editor/DefaultPolarPlotEditor.java";"jfree.chart.swing.editor.DefaultPolarPlotEditor";"77.0";"114.0";"0.68";"1.56";"0.43"
"jfree/data/function/NormalDistributionFunction2D.java";"jfree.data.function.NormalDistributionFunction2D";"79.0";"54.0";"1.46";"1.67";"0.88"
"jfree/data/time/TimePeriodValues.java";"jfree.data.time.TimePeriodValues";"204.0";"229.0";"0.89";"2.0";"0.45"
"jfree/chart/annotations/XYLineAnnotation.java";"jfree.chart.annotations.XYLineAnnotation";"151.0";"187.0";"0.81";"1.93";"0.42"
"jfree/chart/util/GradientPaintTransformer.java";"jfree.chart.util.GradientPaintTransformer";"41.0";"6.0";"6.83";"1.0";"6.83"
"jfree/data/time/ohlc/OHLCItem.java";"jfree.data.time.ohlc.OHLCItem";"78.0";"51.0";"1.53";"1.57";"0.97"
"jfree/chart/axis/DateTickMarkPosition.java";"jfree.chart.axis.DateTickMarkPosition";"47.0";"9.0";"5.22";"1.0";"5.22"
"jfree/chart/plot/PolarPlot.java";"jfree.chart.plot.PolarPlot";"854.0";"1011.0";"0.84";"2.33";"0.36"
"jfree/data/statistics/DefaultBoxAndWhiskerXYDataset.java";"jfree.data.statistics.DefaultBoxAndWhiskerXYDataset";"284.0";"245.0";"1.16";"1.75";"0.66"
"jfree/chart/swing/editor/package-info.java";"jfree.chart.swing.editor.package-info";"3.0";"1.0";"3.0";"1.0";"3.0"
"jfree/data/statistics/BoxAndWhiskerCalculator.java";"jfree.data.statistics.BoxAndWhiskerCalculator";"89.0";"110.0";"0.81";"4.75";"0.17"
"jfree/chart/swing/editor/DefaultValueAxisEditor.java";"jfree.chart.swing.editor.DefaultValueAxisEditor";"141.0";"235.0";"0.6";"1.74";"0.35"
"jfree/chart/block/EntityBlockParams.java";"jfree.chart.block.EntityBlockParams";"50.0";"4.0";"12.5";"1.0";"12.5"
"jfree/data/general/DefaultHeatMapDataset.java";"jfree.data.general.DefaultHeatMapDataset";"171.0";"143.0";"1.2";"2.13";"0.56"
"jfree/chart/imagemap/StandardURLTagFragmentGenerator.java";"jfree.chart.imagemap.StandardURLTagFragmentGenerator";"55.0";"11.0";"5.0";"1.0";"5.0"
"jfree/chart/axis/SubCategoryAxis.java";"jfree.chart.axis.SubCategoryAxis";"165.0";"237.0";"0.7";"2.86";"0.24"
"jfree/data/time/Week.java";"jfree.data.time.Week";"293.0";"309.0";"0.95";"2.12";"0.45"
"jfree/data/xy/AbstractIntervalXYDataset.java";"jfree.data.xy.AbstractIntervalXYDataset";"75.0";"41.0";"1.83";"2.0";"0.91"
"jfree/chart/renderer/category/StatisticalLineAndShapeRenderer.java";"jfree.chart.renderer.category.StatisticalLineAndShapeRenderer";"158.0";"271.0";"0.58";"3.75";"0.16"
"jfree/chart/text/TextAnchor.java";"jfree.chart.text.TextAnchor";"94.0";"66.0";"1.42";"1.0";"1.42"
"jfree/chart/renderer/category/IntervalBarRenderer.java";"jfree.chart.renderer.category.IntervalBarRenderer";"103.0";"118.0";"0.87";"3.8";"0.23"
"jfree/data/statistics/DefaultBoxAndWhiskerCategoryDataset.java";"jfree.data.statistics.DefaultBoxAndWhiskerCategoryDataset";"457.0";"417.0";"1.1";"1.82";"0.6"
"jfree/chart/plot/CombinedDomainCategoryPlot.java";"jfree.chart.plot.CombinedDomainCategoryPlot";"255.0";"362.0";"0.7";"2.77";"0.25"
"jfree/chart/internal/CloneUtils.java";"jfree.chart.internal.CloneUtils";"85.0";"89.0";"0.96";"3.25";"0.29"
"jfree/chart/plot/CombinedRangeXYPlot.java";"jfree.chart.plot.CombinedRangeXYPlot";"277.0";"375.0";"0.74";"2.72";"0.27"
"jfree/data/flow/FlowDatasetUtils.java";"jfree.data.flow.FlowDatasetUtils";"105.0";"93.0";"1.13";"3.71";"0.3"
"jfree/data/time/DynamicTimeSeriesCollection.java";"jfree.data.time.DynamicTimeSeriesCollection";"469.0";"422.0";"1.11";"2.12";"0.53"
"jfree/chart/renderer/xy/XYStepRenderer.java";"jfree.chart.renderer.xy.XYStepRenderer";"152.0";"168.0";"0.9";"2.89";"0.31"
"jfree/data/time/Month.java";"jfree.data.time.Month";"256.0";"244.0";"1.05";"1.96";"0.54"
"jfree/chart/imagemap/URLTagFragmentGenerator.java";"jfree.chart.imagemap.URLTagFragmentGenerator";"54.0";"8.0";"6.75";"1.0";"6.75"
"jfree/chart/event/PlotChangeEvent.java";"jfree.chart.event.PlotChangeEvent";"52.0";"13.0";"4.0";"1.0";"4.0"
"jfree/chart/annotations/XYShapeAnnotation.java";"jfree.chart.annotations.XYShapeAnnotation";"120.0";"157.0";"0.76";"2.33";"0.33"
"jfree/chart/annotations/XYAnnotation.java";"jfree.chart.annotations.XYAnnotation";"53.0";"11.0";"4.82";"1.0";"4.82"
"jfree/chart/event/package-info.java";"jfree.chart.event.package-info";"5.0";"1.0";"5.0";"1.0";"5.0"
"jfree/data/general/WaferMapDataset.java";"jfree.data.general.WaferMapDataset";"164.0";"115.0";"1.43";"1.53";"0.93"
"jfree/chart/renderer/category/LevelRenderer.java";"jfree.chart.renderer.category.LevelRenderer";"182.0";"226.0";"0.81";"2.62";"0.31"
"jfree/chart/block/Size2D.java";"jfree.chart.block.Size2D";"90.0";"62.0";"1.45";"1.4";"1.04"
"jfree/data/xy/AbstractXYDataset.java";"jfree.data.xy.AbstractXYDataset";"62.0";"28.0";"2.21";"1.67";"1.33"
"jfree/chart/axis/CompassFormat.java";"jfree.chart.axis.CompassFormat";"92.0";"49.0";"1.88";"1.29";"1.46"
"jfree/chart/plot/compass/PlumNeedle.java";"jfree.chart.plot.compass.PlumNeedle";"69.0";"52.0";"1.33";"2.0";"0.66"
"jfree/chart/plot/CategoryMarker.java";"jfree.chart.plot.CategoryMarker";"105.0";"70.0";"1.5";"1.56";"0.96"
"jfree/chart/api/Rotation.java";"jfree.chart.api.Rotation";"55.0";"14.0";"3.93";"1.0";"3.93"
"jfree/data/RangeInfo.java";"jfree.data.RangeInfo";"64.0";"6.0";"10.67";"1.0";"10.67"
"jfree/chart/internal/ArrayUtils.java";"jfree.chart.internal.ArrayUtils";"82.0";"106.0";"0.77";"5.17";"0.15"
"jfree/data/general/SeriesChangeListener.java";"jfree.data.general.SeriesChangeListener";"49.0";"5.0";"9.8";"1.0";"9.8"
"jfree/data/xy/XYSeriesCollection.java";"jfree.data.xy.XYSeriesCollection";"338.0";"374.0";"0.9";"2.08";"0.44"
"jfree/chart/plot/SeriesRenderingOrder.java";"jfree.chart.plot.SeriesRenderingOrder";"53.0";"5.0";"10.6";"1.0";"10.6"
"jfree/data/xy/IntervalXYDelegate.java";"jfree.data.xy.IntervalXYDelegate";"256.0";"181.0";"1.41";"1.82";"0.78"
"jfree/data/resources/DataPackageResources.java";"jfree.data.resources.DataPackageResources";"50.0";"13.0";"3.85";"1.0";"3.85"
"jfree/chart/axis/PeriodAxisLabelInfo.java";"jfree.chart.axis.PeriodAxisLabelInfo";"162.0";"172.0";"0.94";"1.63";"0.58"
"jfree/chart/util/ExportUtils.java";"jfree.chart.util.ExportUtils";"99.0";"112.0";"0.88";"1.33";"0.66"
"jfree/chart/plot/ThermometerPlot.java";"jfree.chart.plot.ThermometerPlot";"682.0";"806.0";"0.85";"80.0";"0.01"
"jfree/chart/block/GridArrangement.java";"jfree.chart.block.GridArrangement";"166.0";"245.0";"0.68";"3.64";"0.19"
"jfree/chart/renderer/xy/XYBarPainter.java";"jfree.chart.renderer.xy.XYBarPainter";"69.0";"11.0";"6.27";"1.0";"6.27"
"jfree/chart/ChartFactory.java";"jfree.chart.ChartFactory";"877.0";"1001.0";"0.88";"1.88";"0.47"
"jfree/chart/urls/StandardCategoryURLGenerator.java";"jfree.chart.urls.StandardCategoryURLGenerator";"94.0";"90.0";"1.04";"1.71";"0.61"
"jfree/data/KeyedValueComparatorType.java";"jfree.data.KeyedValueComparatorType";"47.0";"7.0";"6.71";"1.0";"6.71"
"jfree/chart/renderer/NotOutlierException.java";"jfree.chart.renderer.NotOutlierException";"51.0";"6.0";"8.5";"1.0";"8.5"
"jfree/chart/swing/editor/PaintSample.java";"jfree.chart.swing.editor.PaintSample";"57.0";"45.0";"1.27";"1.0";"1.27"
"jfree/chart/ChartRenderingInfo.java";"jfree.chart.ChartRenderingInfo";"134.0";"100.0";"1.34";"1.62";"0.83"
"jfree/chart/imagemap/DynamicDriveToolTipTagFragmentGenerator.java";"jfree.chart.imagemap.DynamicDriveToolTipTagFragmentGenerator";"66.0";"22.0";"3.0";"1.0";"3.0"
"jfree/data/xy/XIntervalSeriesCollection.java";"jfree.data.xy.XIntervalSeriesCollection";"220.0";"141.0";"1.56";"1.23";"1.27"
"jfree/chart/api/HorizontalAlignment.java";"jfree.chart.api.HorizontalAlignment";"42.0";"9.0";"4.67";"1.0";"4.67"
"jfree/chart/labels/IntervalXYToolTipGenerator.java";"jfree.chart.labels.IntervalXYToolTipGenerator";"119.0";"125.0";"0.95";"1.25";"0.76"
"jfree/chart/entity/CategoryItemEntity.java";"jfree.chart.entity.CategoryItemEntity";"110.0";"69.0";"1.59";"1.56";"1.02"
"jfree/chart/plot/flow/package-info.java";"jfree.chart.plot.flow.package-info";"3.0";"1.0";"3.0";"1.0";"3.0"
"jfree/data/time/SimpleTimePeriod.java";"jfree.data.time.SimpleTimePeriod";"110.0";"94.0";"1.17";"2.22";"0.53"
"jfree/chart/plot/Zoomable.java";"jfree.chart.plot.Zoomable";"133.0";"18.0";"7.39";"1.0";"7.39"
"jfree/chart/title/TextTitle.java";"jfree.chart.title.TextTitle";"332.0";"480.0";"0.69";"2.64";"0.26"
"jfree/data/xy/VectorSeriesCollection.java";"jfree.data.xy.VectorSeriesCollection";"188.0";"116.0";"1.62";"1.22";"1.33"
"jfree/chart/renderer/RendererState.java";"jfree.chart.renderer.RendererState";"72.0";"32.0";"2.25";"1.4";"1.61"
"jfree/chart/plot/pie/PiePlotState.java";"jfree.chart.plot.pie.PiePlotState";"158.0";"91.0";"1.74";"1.0";"1.74"
"jfree/data/general/Dataset.java";"jfree.data.general.Dataset";"52.0";"5.0";"10.4";"1.0";"10.4"
"jfree/chart/entity/FlowEntity.java";"jfree.chart.entity.FlowEntity";"66.0";"38.0";"1.74";"1.4";"1.24"
"jfree/chart/entity/EntityCollection.java";"jfree.chart.entity.EntityCollection";"82.0";"13.0";"6.31";"1.0";"6.31"
"jfree/chart/legend/LegendItem.java";"jfree.chart.legend.LegendItem";"539.0";"491.0";"1.1";"1.43";"0.77"
"jfree/chart/plot/dial/DialScale.java";"jfree.chart.plot.dial.DialScale";"58.0";"5.0";"11.6";"1.0";"11.6"
"jfree/chart/labels/XYItemLabelGenerator.java";"jfree.chart.labels.XYItemLabelGenerator";"49.0";"5.0";"9.8";"1.0";"9.8"
"jfree/chart/entity/ChartEntity.java";"jfree.chart.entity.ChartEntity";"190.0";"185.0";"1.03";"1.75";"0.59"
"jfree/chart/labels/HighLowItemLabelGenerator.java";"jfree.chart.labels.HighLowItemLabelGenerator";"93.0";"109.0";"0.85";"3.0";"0.28"
"jfree/chart/block/EntityBlockResult.java";"jfree.chart.block.EntityBlockResult";"48.0";"5.0";"9.6";"1.0";"9.6"
"jfree/chart/package-info.java";"jfree.chart.package-info";"3.0";"1.0";"3.0";"1.0";"3.0"
"jfree/chart/renderer/xy/YIntervalRenderer.java";"jfree.chart.renderer.xy.YIntervalRenderer";"135.0";"143.0";"0.94";"2.25";"0.42"
"jfree/data/xy/XYDomainInfo.java";"jfree.data.xy.XYDomainInfo";"49.0";"6.0";"8.17";"1.0";"8.17"
"jfree/chart/plot/dial/DialLayer.java";"jfree.chart.plot.dial.DialLayer";"88.0";"14.0";"6.29";"1.0";"6.29"
"jfree/chart/plot/compass/LineNeedle.java";"jfree.chart.plot.compass.LineNeedle";"69.0";"42.0";"1.64";"1.75";"0.94"
"jfree/data/statistics/HistogramDataset.java";"jfree.data.statistics.HistogramDataset";"253.0";"216.0";"1.17";"1.95";"0.6"
"jfree/chart/plot/dial/DialFrame.java";"jfree.chart.plot.dial.DialFrame";"52.0";"7.0";"7.43";"1.0";"7.43"
"jfree/chart/labels/XYSeriesLabelGenerator.java";"jfree.chart.labels.XYSeriesLabelGenerator";"52.0";"5.0";"10.4";"1.0";"10.4"
"jfree/chart/internal/LineUtils.java";"jfree.chart.internal.LineUtils";"68.0";"84.0";"0.81";"7.5";"0.11"
"jfree/chart/plot/dial/DialCap.java";"jfree.chart.plot.dial.DialCap";"174.0";"132.0";"1.32";"1.44";"0.92"
"jfree/chart/renderer/category/BarRenderer.java";"jfree.chart.renderer.category.BarRenderer";"521.0";"692.0";"0.75";"2.69";"0.28"
"jfree/chart/renderer/category/LineAndShapeRenderer.java";"jfree.chart.renderer.category.LineAndShapeRenderer";"396.0";"383.0";"1.03";"2.23";"0.46"
"jfree/data/statistics/BoxAndWhiskerXYDataset.java";"jfree.data.statistics.BoxAndWhiskerXYDataset";"148.0";"17.0";"8.71";"1.0";"8.71"
"jfree/chart/urls/CustomXYURLGenerator.java";"jfree.chart.urls.CustomXYURLGenerator";"104.0";"91.0";"1.14";"2.75";"0.42"
"jfree/chart/urls/TimeSeriesURLGenerator.java";"jfree.chart.urls.TimeSeriesURLGenerator";"93.0";"95.0";"0.98";"1.88";"0.52"
"jfree/chart/annotations/CategoryPointerAnnotation.java";"jfree.chart.annotations.CategoryPointerAnnotation";"243.0";"250.0";"0.97";"1.52";"0.64"
"jfree/data/xy/XYZDataset.java";"jfree.data.xy.XYZDataset";"55.0";"5.0";"11.0";"1.0";"11.0"
"jfree/data/xy/DefaultHighLowDataset.java";"jfree.data.xy.DefaultHighLowDataset";"243.0";"162.0";"1.5";"1.79";"0.84"
"jfree/chart/event/PlotChangeListener.java";"jfree.chart.event.PlotChangeListener";"45.0";"5.0";"9.0";"1.0";"9.0"
"jfree/data/flow/DefaultFlowDataset.java";"jfree.data.flow.DefaultFlowDataset";"169.0";"184.0";"0.92";"2.47";"0.37"
"jfree/chart/event/RendererChangeEvent.java";"jfree.chart.event.RendererChangeEvent";"68.0";"20.0";"3.4";"1.0";"3.4"
"jfree/chart/api/VerticalAlignment.java";"jfree.chart.api.VerticalAlignment";"42.0";"9.0";"4.67";"1.0";"4.67"
"jfree/chart/renderer/category/AreaRenderer.java";"jfree.chart.renderer.category.AreaRenderer";"107.0";"194.0";"0.55";"4.29";"0.13"
"jfree/chart/renderer/xy/XYLineAndShapeRenderer.java";"jfree.chart.renderer.xy.XYLineAndShapeRenderer";"559.0";"528.0";"1.06";"2.15";"0.49"
"jfree/chart/renderer/RendererUtils.java";"jfree.chart.renderer.RendererUtils";"94.0";"153.0";"0.61";"10.67";"0.06"
"jfree/chart/text/format/HMSNumberFormat.java";"jfree.chart.text.format.HMSNumberFormat";"74.0";"32.0";"2.31";"1.0";"2.31"
"jfree/data/time/FixedMillisecond.java";"jfree.data.time.FixedMillisecond";"149.0";"113.0";"1.32";"1.41";"0.93"
"jfree/data/DomainInfo.java";"jfree.data.DomainInfo";"68.0";"6.0";"11.33";"1.0";"11.33"
"jfree/chart/plot/dial/AbstractDialLayer.java";"jfree.chart.plot.dial.AbstractDialLayer";"119.0";"76.0";"1.57";"1.36";"1.15"
"jfree/data/DefaultKeyedValue.java";"jfree.data.DefaultKeyedValue";"93.0";"59.0";"1.58";"1.38";"1.15"
"jfree/chart/plot/CombinedRangeCategoryPlot.java";"jfree.chart.plot.CombinedRangeCategoryPlot";"209.0";"311.0";"0.67";"2.95";"0.23"
"jfree/data/time/Hour.java";"jfree.data.time.Hour";"248.0";"204.0";"1.22";"1.54";"0.79"
"jfree/chart/event/MarkerChangeEvent.java";"jfree.chart.event.MarkerChangeEvent";"52.0";"13.0";"4.0";"1.0";"4.0"
"jfree/chart/renderer/category/CategoryItemRendererState.java";"jfree.chart.renderer.category.CategoryItemRendererState";"122.0";"67.0";"1.82";"1.45";"1.25"
"jfree/chart/event/AxisChangeListener.java";"jfree.chart.event.AxisChangeListener";"50.0";"5.0";"10.0";"1.0";"10.0"
"jfree/chart/axis/LogTick.java";"jfree.chart.axis.LogTick";"58.0";"15.0";"3.87";"1.0";"3.87"
"jfree/chart/urls/package-info.java";"jfree.chart.urls.package-info";"3.0";"1.0";"3.0";"1.0";"3.0"
"jfree/chart/axis/Tick.java";"jfree.chart.axis.Tick";"92.0";"70.0";"1.31";"1.75";"0.75"
"jfree/chart/swing/editor/DefaultChartEditorFactory.java";"jfree.chart.swing.editor.DefaultChartEditorFactory";"48.0";"10.0";"4.8";"1.0";"4.8"
"jfree/chart/renderer/xy/AbstractXYItemRenderer.java";"jfree.chart.renderer.xy.AbstractXYItemRenderer";"552.0";"984.0";"0.56";"1.85";"0.3"
"jfree/chart/plot/pie/PieLabelRecord.java";"jfree.chart.plot.pie.PieLabelRecord";"139.0";"122.0";"1.14";"1.81";"0.63"
"jfree/chart/plot/ValueAxisPlot.java";"jfree.chart.plot.ValueAxisPlot";"47.0";"6.0";"7.83";"1.0";"7.83"
"jfree/chart/plot/DrawingSupplier.java";"jfree.chart.plot.DrawingSupplier";"76.0";"12.0";"6.33";"1.0";"6.33"
"jfree/data/time/Millisecond.java";"jfree.data.time.Millisecond";"218.0";"202.0";"1.08";"1.79";"0.6"
"jfree/chart/legend/LegendItemBlockContainer.java";"jfree.chart.legend.LegendItemBlockContainer";"101.0";"73.0";"1.38";"1.22";"1.13"
"jfree/chart/plot/compass/LongNeedle.java";"jfree.chart.plot.compass.LongNeedle";"74.0";"88.0";"0.84";"2.4";"0.35"
"jfree/chart/imagemap/ImageMapUtils.java";"jfree.chart.imagemap.ImageMapUtils";"116.0";"123.0";"0.94";"3.29";"0.29"
"jfree/chart/renderer/xy/CyclicXYItemRenderer.java";"jfree.chart.renderer.xy.CyclicXYItemRenderer";"188.0";"252.0";"0.75";"6.67";"0.11"
"jfree/chart/renderer/xy/XYBarRenderer.java";"jfree.chart.renderer.xy.XYBarRenderer";"463.0";"628.0";"0.74";"2.8";"0.26"
"jfree/data/xy/XYDatasetTableModel.java";"jfree.data.xy.XYDatasetTableModel";"168.0";"74.0";"2.27";"1.7";"1.34"
"jfree/chart/block/FlowArrangement.java";"jfree.chart.block.FlowArrangement";"178.0";"239.0";"0.74";"3.29";"0.23"
"jfree/chart/labels/StandardCategorySeriesLabelGenerator.java";"jfree.chart.labels.StandardCategorySeriesLabelGenerator";"87.0";"60.0";"1.45";"1.0";"1.45"
"jfree/data/xml/DatasetReader.java";"jfree.data.xml.DatasetReader";"89.0";"75.0";"1.19";"1.17";"1.02"
"jfree/chart/labels/AbstractXYItemLabelGenerator.java";"jfree.chart.labels.AbstractXYItemLabelGenerator";"160.0";"162.0";"0.99";"1.06";"0.93"
"jfree/chart/axis/StandardTickUnitSource.java";"jfree.chart.axis.StandardTickUnitSource";"80.0";"40.0";"2.0";"1.17";"1.71"
"jfree/data/json/package-info.java";"jfree.data.json.package-info";"3.0";"1.0";"3.0";"1.0";"3.0"
"jfree/data/statistics/SimpleHistogramBin.java";"jfree.data.statistics.SimpleHistogramBin";"129.0";"134.0";"0.96";"2.75";"0.35"
"jfree/data/Value.java";"jfree.data.Value";"48.0";"4.0";"12.0";"1.0";"12.0"
"jfree/chart/plot/ValueMarker.java";"jfree.chart.plot.ValueMarker";"92.0";"44.0";"2.09";"1.67";"1.25"
"jfree/data/flow/FlowKey.java";"jfree.data.flow.FlowKey";"90.0";"69.0";"1.3";"1.75";"0.75"
"jfree/data/resources/DataPackageResources_fr.java";"jfree.data.resources.DataPackageResources_fr";"49.0";"13.0";"3.77";"1.0";"3.77"
"jfree/chart/plot/compass/CompassPlot.java";"jfree.chart.plot.compass.CompassPlot";"338.0";"457.0";"0.74";"2.43";"0.3"
"jfree/data/category/DefaultIntervalCategoryDataset.java";"jfree.data.category.DefaultIntervalCategoryDataset";"362.0";"384.0";"0.94";"2.52";"0.37"
"jfree/chart/plot/dial/DialPlot.java";"jfree.chart.plot.dial.DialPlot";"379.0";"374.0";"1.01";"1.9";"0.53"
"jfree/data/xy/VectorXYDataset.java";"jfree.data.xy.VectorXYDataset";"67.0";"6.0";"11.17";"1.0";"11.17"
"jfree/chart/block/CenterArrangement.java";"jfree.chart.block.CenterArrangement";"161.0";"141.0";"1.14";"2.38";"0.48"
"jfree/chart/urls/CustomCategoryURLGenerator.java";"jfree.chart.urls.CustomCategoryURLGenerator";"91.0";"89.0";"1.02";"2.75";"0.37"
"jfree/chart/renderer/xy/XYDifferenceRenderer.java";"jfree.chart.renderer.xy.XYDifferenceRenderer";"354.0";"713.0";"0.5";"3.56";"0.14"
"jfree/data/function/LineFunction2D.java";"jfree.data.function.LineFunction2D";"79.0";"44.0";"1.8";"1.5";"1.2"
"jfree/data/general/DefaultKeyedValues2DDataset.java";"jfree.data.general.DefaultKeyedValues2DDataset";"49.0";"9.0";"5.44";"1.0";"5.44"
"jfree/data/xy/WindDataset.java";"jfree.data.xy.WindDataset";"62.0";"5.0";"12.4";"1.0";"12.4"
"jfree/chart/axis/CategoryAxis.java";"jfree.chart.axis.CategoryAxis";"571.0";"736.0";"0.78";"2.49";"0.31"
"jfree/chart/axis/TickType.java";"jfree.chart.axis.TickType";"40.0";"7.0";"5.71";"1.0";"5.71"
"jfree/chart/plot/CenterTextMode.java";"jfree.chart.plot.CenterTextMode";"41.0";"9.0";"4.56";"1.0";"4.56"
"jfree/chart/annotations/XYPointerAnnotation.java";"jfree.chart.annotations.XYPointerAnnotation";"242.0";"264.0";"0.92";"1.61";"0.57"
"jfree/data/xy/DefaultWindDataset.java";"jfree.data.xy.DefaultWindDataset";"208.0";"191.0";"1.09";"2.11";"0.52"
"jfree/chart/renderer/category/DefaultCategoryItemRenderer.java";"jfree.chart.renderer.category.DefaultCategoryItemRenderer";"45.0";"8.0";"5.63";"1.0";"5.63"
"jfree/chart/swing/editor/LCBLayout.java";"jfree.chart.swing.editor.LCBLayout";"89.0";"154.0";"0.58";"3.5";"0.17"
"jfree/chart/event/TitleChangeEvent.java";"jfree.chart.event.TitleChangeEvent";"49.0";"13.0";"3.77";"1.0";"3.77"
"jfree/chart/api/package-info.java";"jfree.chart.api.package-info";"3.0";"1.0";"3.0";"1.0";"3.0"
"jfree/chart/event/ChartChangeEventType.java";"jfree.chart.event.ChartChangeEventType";"41.0";"9.0";"4.56";"1.0";"4.56"
"jfree/chart/renderer/xy/WindItemRenderer.java";"jfree.chart.renderer.xy.WindItemRenderer";"73.0";"85.0";"0.86";"1.0";"0.86"
"jfree/chart/renderer/category/StackedAreaRenderer.java";"jfree.chart.renderer.category.StackedAreaRenderer";"156.0";"286.0";"0.55";"3.64";"0.15"
"jfree/data/xy/XIntervalSeries.java";"jfree.data.xy.XIntervalSeries";"122.0";"40.0";"3.05";"1.0";"3.05"
"jfree/data/xy/XisSymbolic.java";"jfree.data.xy.XisSymbolic";"66.0";"6.0";"11.0";"1.0";"11.0"
"jfree/chart/labels/BubbleXYItemLabelGenerator.java";"jfree.chart.labels.BubbleXYItemLabelGenerator";"127.0";"117.0";"1.09";"1.0";"1.09"
"jfree/chart/renderer/category/BarPainter.java";"jfree.chart.renderer.category.BarPainter";"73.0";"11.0";"6.64";"1.0";"6.64"
"jfree/chart/labels/BoxAndWhiskerXYToolTipGenerator.java";"jfree.chart.labels.BoxAndWhiskerXYToolTipGenerator";"85.0";"59.0";"1.44";"1.36";"1.06"
"jfree/chart/swing/editor/DefaultPlotEditor.java";"jfree.chart.swing.editor.DefaultPlotEditor";"196.0";"372.0";"0.53";"50.0";"0.01"
"jfree/data/general/AbstractDataset.java";"jfree.data.general.AbstractDataset";"152.0";"72.0";"2.11";"1.33";"1.58"
"jfree/chart/renderer/xy/XYAreaRenderer.java";"jfree.chart.renderer.xy.XYAreaRenderer";"265.0";"397.0";"0.67";"3.0";"0.22"
"jfree/data/xy/XYIntervalSeriesCollection.java";"jfree.data.xy.XYIntervalSeriesCollection";"225.0";"133.0";"1.69";"1.23";"1.38"
"jfree/chart/axis/NumberTickUnitSource.java";"jfree.chart.axis.NumberTickUnitSource";"57.0";"158.0";"0.36";"3.25";"0.11"
"jfree/chart/renderer/AreaRendererEndType.java";"jfree.chart.renderer.AreaRendererEndType";"52.0";"6.0";"8.67";"1.0";"8.67"
"jfree/chart/renderer/PaintScale.java";"jfree.chart.renderer.PaintScale";"65.0";"8.0";"8.13";"1.0";"8.13"
"jfree/chart/util/PaintAlpha.java";"jfree.chart.util.PaintAlpha";"225.0";"146.0";"1.54";"3.38";"0.46"
"jfree/chart/encoders/ImageFormat.java";"jfree.chart.encoders.ImageFormat";"46.0";"9.0";"5.11";"1.0";"5.11"
"jfree/chart/axis/ValueTick.java";"jfree.chart.axis.ValueTick";"81.0";"43.0";"1.88";"1.8";"1.05"
